Data / Date;1 DEM;1 USD;1 GBP;1 CHF;1 FRF;1 XEU;1 XDR;1 AUD;1 ATS;1 BEF;1 DKK;1 FIM;100 ESP;1 NLG;1 IEP;100 JPY;1 CAD;1 LUF;1 NOK;100 PTE;1 SEK;100 ITL; (source: https://www.nbp.pl/kursy/Archiwum/archiwum_tab_a_1993.xls, 2020.02.22)
4.01.1993;9771;15777;23933;10823;2864;19056;21749;10855;1391;476;2523;3017;13782;8695;25691;12652;12436;476;2285;10758;2236;1069
5.01.1993;9725;15888;23892;10775;2846;18962;21846;10880;1382;473;2506;2951;13683;8650;25548;12705;12464;473;2276;10814;2224;1058
6.01.1993;9715;15912;24083;10717;2848;18985;21785;10797;1381;472;2506;2954;13630;8642;25553;12688;12397;472;2268;10774;2183;1036
7.01.1993;9730;15864;24470;10731;2854;18990;21711;10623;1383;473;2515;2953;13689;8662;25558;12726;12435;473;2276;10819;2194;1038
8.01.1993;9726;15904;24479;10664;2855;19029;21840;10665;1383;473;2513;2925;13675;8653;25520;12717;12440;473;2273;10806;2179;1043
11.01.1993;9698;15992;24363;10621;2852;19020;21940;10751;1378;471;2505;2909;13655;8629;25465;12748;12455;471;2263;10803;2153;1054
12.01.1993;9738;15917;24628;10658;2865;19140;21754;10698;1384;473;2515;2911;13721;8666;25718;12689;12477;473;2277;10868;2150;1064
13.01.1993;9761;15891;24726;10675;2876;19220;21814;10714;1387;474;2528;2926;13754;8683;25781;12699;12448;474;2285;10913;2106;1071
14.01.1993;9762;15938;24600;10627;2880;19157;21920;10743;1387;474;2527;2920;13764;8681;25803;12666;12451;474;2289;10885;2147;1054
15.01.1993;9797;15913;24504;10696;2889;19223;21832;10681;1393;476;2530;2926;13805;8714;25837;12649;12438;476;2307;10905;2178;1060
18.01.1993;9802;15926;24506;10714;2896;19246;21886;10727;1393;476;2537;2935;13801;8719;25838;12655;12419;476;2314;10890;2198;1063
19.01.1993;9806;15932;24605;10720;2899;19285;21884;10772;1394;476;2547;2936;13847;8722;26028;12660;12435;476;2326;10875;2195;1068
20.01.1993;9839;15915;24556;10724;2909;19333;21861;10702;1399;478;2555;2924;13882;8750;26103;12667;12454;478;2326;10911;2192;1071
21.01.1993;9888;15864;24455;10819;2924;19408;21839;10647;1406;480;2573;2917;13972;8794;26235;12702;12420;480;2338;10986;2215;1080
22.01.1993;9880;15932;24276;10767;2925;19380;21933;10612;1404;480;2575;2867;13970;8786;26213;12745;12431;480;2337;10977;2206;1081
25.01.1993;9898;15943;24178;10786;2928;19412;21966;10705;1407;481;2577;2893;13986;8800;26287;12743;12389;481;2328;10986;2205;1075
26.01.1993;9970;15820;24417;10870;2946;19538;21793;10614;1417;484;2593;2965;14067;8863;26490;12671;12377;484;2349;11066;2219;1080
27.01.1993;10013;15791;24301;10893;2961;19609;21898;10649;1423;486;2604;2976;14148;8902;26616;12781;12416;486;2359;11124;2228;1088
28.01.1993;10014;15850;24085;10845;2963;19578;22060;10690;1423;486;2604;2945;14160;8902;26338;12773;12490;486;2358;11125;2232;1082
29.01.1993;10044;15832;24007;10949;2960;19554;21968;10762;1428;488;2597;3010;14062;8923;26344;12771;12497;488;2355;11079;2203;1072
1.02.1993;10004;15942;23919;10845;2956;19527;22129;10820;1422;486;2595;2871;14056;8891;26242;12805;12577;486;2348;11065;2203;1077
2.02.1993;9925;16152;23551;10743;2931;19343;22318;10876;1411;482;2574;2844;13955;8821;24226;12928;12720;482;2329;10958;2173;1070
3.02.1993;9923;16169;23667;10707;2935;19371;22131;10931;1411;482;2573;2878;13992;8819;24195;12950;12781;482;2335;11005;2195;1070
4.02.1993;9906;16278;23310;10662;2925;19279;22280;11044;1408;480;2543;2858;13918;8801;23934;13096;12863;480;2327;10936;2180;1064
5.02.1993;9855;16345;23575;10658;2915;19209;22286;11102;1401;478;2552;2845;13878;8757;23892;13118;12930;478;2335;10906;2179;1062
8.02.1993;9862;16346;23659;10685;2917;19208;22273;11008;1402;479;2579;2867;13895;8763;23975;13141;12972;479;2332;10917;2196;1070
9.02.1993;9892;16348;23486;10698;2924;19288;22246;10974;1406;479;2591;2839;13948;8792;24077;13137;12930;479;2337;10941;2193;1070
10.02.1993;9894;16396;23359;10667;2923;19312;22316;10993;1406;479;2584;2775;13920;8791;24072;13361;12931;479;2334;10922;2192;1069
11.02.1993;9935;16331;23477;10767;2932;19358;22258;10949;1412;481;2603;2742;13968;8826;24183;13516;12893;481;2339;10968;2205;1073
12.02.1993;9902;16434;23338;10684;2928;19276;22538;11081;1407;480;2586;2766;13922;8798;24133;13699;13000;480;2335;10922;2198;1065
15.02.1993;9946;16394;23294;10735;2938;19328;22427;11106;1414;482;2595;2763;13934;8838;24187;13606;13079;482;2339;11010;2202;1063
16.02.1993;9924;16469;23252;10660;2934;19294;22548;11146;1411;481;2588;2751;13894;8815;24166;13601;13140;481;2334;10877;2191;1061
17.02.1993;9961;16392;23527;10753;2942;19366;22442;11190;1416;483;2595;2780;13936;8846;24295;13652;13086;483;2340;10898;2195;1060
18.02.1993;10017;16305;23662;10843;2955;19439;22376;11211;1423;486;2609;2791;13924;8896;24431;13609;12930;486;2354;10919;2192;1054
19.02.1993;9960;16463;23386;10772;2940;19362;22696;11305;1415;483;2598;2773;13904;8847;24272;13735;13042;483;2343;10876;2162;1051
22.02.1993;10005;16369;23693;10851;2955;19469;22411;11255;1422;486;2609;2768;13937;8888;24403;13722;12999;486;2354;10925;2155;1047
23.02.1993;10019;16356;23746;10943;2955;19462;22526;11255;1424;486;2612;2777;13816;8900;24438;13997;12959;486;2349;10901;2154;1041
24.02.1993;10056;16329;23762;10929;2963;19400;22601;11378;1429;488;2613;2778;13897;8933;24485;14017;13012;488;2357;10860;2138;1034
25.02.1993;10102;16310;23559;10943;2976;19496;22612;11363;1436;490;2628;2759;13901;8975;24530;13946;12931;490;2361;10941;2116;1028
26.02.1993;10070;16404;23505;10861;2968;19418;22764;11346;1431;489;2627;2761;13997;8949;24480;13957;13055;489;2360;10946;2083;1046
1.03.1993;10036;16488;23515;10826;2956;19416;22777;11439;1426;487;2615;2757;13969;8923;24388;14005;13195;487;2355;10959;2106;1038
2.03.1993;10009;16532;23729;10796;2949;19434;22750;11610;1422;486;2610;2754;13972;8899;24341;13952;13155;486;2352;10929;2116;1046
3.03.1993;10040;16500;23785;10822;2959;19496;22671;11665;1427;488;2618;2768;14006;8928;24419;13936;13210;488;2361;10954;2138;1051
4.03.1993;10051;16479;23973;10866;2963;19515;22679;11650;1428;488;2622;2767;14001;8937;24446;14112;13213;488;2363;10956;2146;1050
5.03.1993;10041;16528;23940;10842;2961;19511;22848;11711;1427;488;2618;2756;13977;8931;24381;14103;13304;488;2362;10905;2150;1054
8.03.1993;10042;16540;24082;10824;2958;19525;22842;11801;1427;488;2618;2762;13989;8933;24413;14175;13321;488;2363;10866;2155;1057
9.03.1993;10001;16636;24034;10796;2950;19473;22975;11723;1422;486;2608;2762;14072;8901;24343;14187;13344;486;2359;10891;2172;1055
10.03.1993;10017;16638;23992;10835;2954;19460;22880;11692;1424;487;2612;2756;14054;8913;24382;14234;13371;487;2358;10859;2184;1032
11.03.1993;10012;16683;23918;10840;2950;19415;22954;11774;1423;486;2611;2756;14077;8908;24358;14167;13380;486;2354;10843;2195;1034
12.03.1993;10006;16714;23904;10886;2948;19443;22924;11808;1422;486;2609;2752;14058;8904;24364;14203;13392;486;2353;10826;2151;1036
15.03.1993;10035;16690;23902;10947;2952;19475;22876;11768;1426;487;2613;2756;14058;8929;24394;14174;13457;487;2358;10847;2145;1039
16.03.1993;10028;16722;23947;10943;2950;19458;22945;11800;1425;487;2608;2755;14059;8921;24376;14129;13423;487;2356;10840;2124;1040
17.03.1993;10050;16690;24101;10978;2956;19490;22872;11750;1428;488;2613;2770;14081;8943;24443;14196;13359;488;2362;10864;2130;1040
18.03.1993;10046;16708;24211;10974;2956;19494;22964;11792;1428;488;2616;2781;14075;8940;24424;14316;13334;488;2362;10880;2147;1041
19.03.1993;10040;16735;24377;10916;2951;19504;23022;11943;1427;488;2613;2775;14046;8934;24387;14227;13404;488;2362;10863;2143;1040
22.03.1993;10131;16572;24730;11004;2969;19628;22785;11849;1440;492;2631;2791;14142;9014;24558;14259;13329;492;2381;10911;2139;1046
23.03.1993;10143;16590;24657;10988;2976;19660;23009;11871;1442;492;2635;2801;14180;9026;24595;14322;13328;492;2386;10924;2157;1047
24.03.1993;10163;16598;24524;10991;2989;19694;23030;11746;1444;493;2645;2805;14269;9040;24674;14375;13299;493;2391;10956;2145;1050
25.03.1993;10173;16609;24559;10985;2987;19747;23065;11734;1446;493;2646;2807;14262;9049;24701;14257;13316;493;2391;10946;2135;1048
26.03.1993;10172;16631;24576;10993;2992;19712;23076;11767;1446;494;2648;2805;14230;9048;24737;14200;13356;494;2390;10924;2135;1039
29.03.1993;10169;16635;24810;10982;2989;19724;23031;11799;1445;493;2647;2808;14236;9045;24722;14282;13358;493;2393;10962;2137;1041
30.03.1993;10203;16609;24771;11021;2999;19763;23033;11750;1450;495;2653;2807;14243;9073;24782;14192;13356;495;2395;10978;2147;1031
31.03.1993;10202;16626;24790;11045;3006;19789;23079;11856;1450;495;2654;2813;14263;9073;24823;14212;13309;495;2395;10988;2148;1023
1.04.1993;10255;16554;24890;11079;3024;19873;22966;11682;1458;498;2671;2819;14377;9122;24968;14418;13176;498;2410;11137;2133;1039
2.04.1993;10260;16556;25025;11073;3024;19885;23143;11537;1458;498;2670;2825;14365;9126;24983;14483;13137;498;2411;11081;2136;1032
5.04.1993;10327;16450;25219;11142;3039;20025;23027;11501;1468;501;2685;2845;14416;9185;25115;14406;13071;501;2425;11112;2169;1030
6.04.1993;10318;16508;25043;11154;3040;20000;23235;11551;1466;501;2685;2840;14435;9178;25104;14523;13085;501;2424;11133;2179;1039
7.04.1993;10309;16542;25060;11155;3043;20049;23243;11675;1465;501;2683;2837;14412;9172;25125;14469;13134;501;2419;11134;2168;1037
8.04.1993;10295;16575;25172;11157;3041;20011;23251;11722;1463;500;2680;2833;14371;9158;25111;14536;13142;500;2418;11077;2165;1042
9.04.1993;10287;16605;25224;11162;3040;20011;23283;11769;1462;500;2678;2863;14309;9151;25133;14685;13212;500;2417;11038;2171;1056
13.04.1993;10310;16574;25323;11221;3049;20055;23265;11750;1466;501;2684;2867;14282;9192;25188;14650;13178;501;2421;11060;2179;1055
14.04.1993;10361;16484;25572;11270;3064;20193;23194;11809;1472;503;2698;2893;14350;9220;25332;14542;13076;503;2437;11138;2199;1068
15.04.1993;10380;16462;25650;11333;3070;20216;23245;11880;1475;504;2706;2963;14407;9236;25346;14485;13015;504;2444;11200;2225;1075
16.04.1993;10343;16554;25590;11321;3058;20144;23388;11907;1470;502;2696;2979;14335;9204;25227;14651;13113;502;2439;11150;2223;1071
19.04.1993;10337;16599;25521;11310;3059;20140;23389;11885;1469;502;2691;2976;14296;9199;25234;14715;13179;502;2439;11143;2219;1081
20.04.1993;10320;16665;25470;11261;3055;20129;23472;11941;1467;501;2690;2991;14303;9184;25170;15005;13271;501;2436;11156;2233;1085
21.04.1993;10410;16518;25638;11362;3081;20288;23265;11864;1479;506;2715;2923;14397;9265;25390;14943;13153;506;2457;11253;2256;1086
22.04.1993;10361;16618;25582;11404;3068;20190;23602;11899;1473;503;2703;2997;14309;9222;25260;14946;13240;503;2445;11200;2240;1083
23.04.1993;10377;16611;25682;11392;3072;20228;23465;11856;1475;504;2706;3002;14278;9234;25299;15062;13176;504;2449;11176;2247;1086
26.04.1993;10391;16583;25854;11458;3078;20258;23499;11799;1477;505;2708;3013;14101;9248;25345;14984;13124;505;2455;11170;2254;1105
27.04.1993;10466;16437;26174;11576;3100;20455;23305;11786;1488;509;2722;3059;14160;9314;25536;14887;13051;509;2475;11261;2289;1121
28.04.1993;10459;16472;26167;11603;3096;20462;23542;11943;1486;508;2714;3071;14161;9308;25507;14998;13002;508;2475;11253;2286;1124
29.04.1993;10418;16589;26034;11514;3089;20400;23695;11840;1481;507;2706;3048;14241;9271;25396;14772;13000;507;2466;11230;2274;1117
30.04.1993;10463;16541;26011;11561;3104;20464;23435;11811;1487;509;2719;3046;14304;9313;25510;14785;13010;509;2476;11311;2284;1123
4.05.1993;10471;16546;26060;11586;3107;20460;23499;11750;1488;509;2721;3039;14303;9318;25494;14921;13018;509;2476;11298;2272;1115
5.05.1993;10500;16527;25999;11634;3117;20511;23497;11552;1493;511;2734;3050;14364;9350;25588;14958;13001;511;2483;11330;2263;1126
6.05.1993;10507;16533;25984;11708;3119;20541;23585;11544;1494;511;2735;3063;14343;9355;25617;15015;12961;511;2483;11348;2263;1134
7.05.1993;10498;16578;26033;11665;3112;20515;23663;11675;1492;510;2728;3063;14319;9347;25583;15022;13032;510;2483;11306;2272;1136
10.05.1993;10510;16568;26136;11691;3118;20578;23607;11708;1494;511;2729;3068;14335;9361;25611;15024;13015;511;2488;11319;2275;1143
11.05.1993;10476;16691;25857;11620;3109;20510;23813;11739;1489;509;2715;3049;14300;9335;25498;15044;13160;509;2478;11304;2277;1142
12.05.1993;10434;16808;25847;11509;3095;20406;23835;11760;1483;507;2705;3031;14222;9299;25367;15056;13202;507;2468;11227;2264;1127
13.05.1993;10445;16821;25874;11518;3097;20423;23728;11768;1485;508;2708;3036;14226;9309;25394;15030;13184;508;2469;11228;2271;1133
14.05.1993;10448;16856;25765;11565;3098;20337;23770;11796;1485;508;2708;3035;13676;9311;25389;15108;13238;508;2464;11193;2278;1125
17.05.1993;10476;16841;25802;11585;3103;20408;23726;11865;1489;509;2721;3036;13745;9337;25478;15123;13250;509;2467;10885;2286;1138
18.05.1993;10487;16836;25945;11593;3110;20479;23752;11811;1491;510;2727;3042;13748;9350;25536;15185;13198;510;2471;10875;2297;1145
19.05.1993;10443;16960;25897;11486;3096;20399;23982;11752;1485;508;2719;3059;13711;9312;25481;15189;13294;508;2464;10913;2303;1145
20.05.1993;10467;16928;26083;11516;3104;20380;23798;11744;1488;509;2729;3079;13722;9335;25540;15239;13385;509;2472;11000;2302;1151
21.05.1993;10466;16933;26273;11532;3107;20480;23873;11749;1487;509;2729;3100;13724;9320;25529;15312;13380;509;2473;11033;2308;1151
24.05.1993;10450;16978;26343;11561;3102;20458;23967;11775;1485;508;2727;3098;13721;9327;25531;15408;13411;508;2476;11014;2321;1151
25.05.1993;10413;17089;26146;11574;3093;20434;24124;11845;1480;507;2721;3090;13661;9299;25449;15421;13514;507;2468;11006;2338;1147
26.05.1993;10436;17072;26224;11619;3098;20470;23977;11907;1484;508;2728;3089;13671;9320;25503;15476;13524;508;2470;11041;2332;1146
27.05.1993;10465;17030;26342;11715;3107;20496;23959;11900;1488;510;2734;3095;13521;9343;25567;15677;13491;510;2477;10967;2331;1148
28.05.1993;10497;16999;26454;11746;3111;20528;24051;11769;1492;511;2739;3095;13289;9360;25613;15683;13433;511;2478;10938;2326;1143
31.05.1993;10594;16887;26357;11836;3137;20601;23963;11643;1506;515;2765;3123;13338;9439;25848;15790;13327;515;2496;11018;2340;1147
1.06.1993;10617;16887;26304;11875;3142;20672;24124;11445;1512;518;2768;3130;13472;9462;25900;15738;13270;518;2500;11048;2351;1149
2.06.1993;10631;16887;26386;11883;3145;20703;24124;11428;1511;518;2772;3126;13417;9476;25888;15793;13252;518;2502;11014;2351;1149
3.06.1993;10630;16944;26201;11874;3150;20719;24241;11498;1511;517;2776;3124;13543;9475;25917;15791;13332;517;2505;11066;2361;1162
4.06.1993;10619;16980;26219;11939;3150;20710;24222;11522;1509;517;2773;3128;13614;9464;25880;15822;13343;517;2505;11054;2361;1162
7.06.1993;10584;17092;26142;11832;3140;20630;24357;11550;1520;515;2766;3131;13554;9440;25795;15907;13360;515;2498;11027;2354;1159
8.06.1993;10561;17182;26053;11755;3136;20644;24511;11609;1501;514;2759;3122;13793;9415;25725;15995;13444;514;2495;11121;2354;1160
9.06.1993;10589;17159;26082;11816;3145;20684;24295;11484;1505;515;2767;3134;13818;9439;25803;16106;13366;515;2502;11150;2372;1164
11.06.1993;10562;17224;26172;11797;3139;20652;24469;11553;1501;514;2762;3136;13867;9415;25750;16217;13416;514;2498;11164;2371;1164
14.06.1993;10567;17227;26333;11802;3141;20671;24394;11706;1502;514;2765;3141;13780;9422;25774;16179;13441;514;2500;11117;2387;1156
15.06.1993;10601;17202;26279;11889;3152;20733;24407;11663;1507;516;2774;3165;13824;9452;25868;16326;13412;516;2507;11163;2388;1166
16.06.1993;10603;17227;26370;11866;3149;20739;24530;11619;1507;516;2770;3152;13858;9454;25871;16312;13436;516;2505;11133;2374;1165
17.06.1993;10513;17437;26197;11730;3127;20562;24811;11837;1492;511;2749;3124;13768;9375;25673;16360;13620;511;2487;11047;2348;1158
18.06.1993;10527;17416;26400;11771;3132;20611;24638;11738;1496;512;2752;3126;13779;9387;25718;16285;13643;512;2493;11053;2345;1161
21.06.1993;10499;17491;26393;11778;3125;20582;24659;11730;1492;511;2745;3125;13753;9363;25639;16231;13716;511;2489;11034;2337;1158
22.06.1993;10437;17654;26163;11734;3106;20433;24803;12033;1483;508;2729;3117;13661;9307;25498;15853;13849;508;2473;10990;2336;1153
23.06.1993;10460;17638;26274;11744;3112;20475;24452;12083;1486;509;2733;3143;13723;9328;25565;15962;13834;509;2480;11056;2337;1158
24.06.1993;10434;17730;26124;11736;3105;20455;24660;11988;1484;508;2726;3135;13694;9304;25489;16148;13857;508;2474;11040;2307;1160
25.06.1993;10415;17793;26144;11725;3096;20398;24658;11947;1480;507;2717;3111;13654;9288;25445;16373;13867;507;2469;10998;2286;1156
28.06.1993;10425;17803;26239;11726;3095;20402;24709;11909;1481;507;2717;3102;13635;9297;25447;16674;13874;507;2469;10967;2280;1156
29.06.1993;10414;17816;26484;11759;3092;20393;24834;11938;1480;507;2712;3091;13611;9288;25440;16839;13861;507;2466;10934;2263;1147
30.06.1993;10459;17777;26501;11770;3106;20509;24835;11903;1486;509;2723;3105;13680;9326;25508;16504;13863;509;2475;10992;2277;1150
1.07.1993;10495;17718;26740;11828;3112;20555;24718;11824;1491;511;2730;3131;13738;9358;25597;16777;13852;511;2483;11031;2304;1155
2.07.1993;10480;17785;26696;11809;3105;20515;24961;11885;1489;510;2704;3112;13713;9341;25538;16638;13853;510;2459;11005;2289;1154
5.07.1993;10501;17771;26873;11790;3106;20551;24726;11854;1492;511;2726;3140;13746;9351;25569;16523;13795;511;2478;11016;2312;1154
6.07.1993;10494;17819;26884;11766;3101;20555;24900;12006;1491;510;2726;3147;13747;9341;25565;16355;13842;510;2471;11040;2300;1159
7.07.1993;10480;17865;26905;11796;3097;20532;24965;12024;1489;509;2724;3139;13729;9329;25528;16507;13879;509;2470;11036;2275;1153
8.07.1993;10505;17856;26860;11854;3107;20584;24866;12138;1492;510;2733;3148;13772;9349;25560;16635;13909;510;2480;11051;2282;1158
9.07.1993;10511;17898;26773;11850;3099;20546;24983;12189;1493;510;2726;3138;13738;9349;25542;16508;13918;510;2473;11026;2257;1148
12.07.1993;10472;18017;26685;11775;3081;20451;25073;12310;1488;508;2712;3125;13645;9316;25405;16567;14056;508;2463;10964;2258;1138
13.07.1993;10439;18100;26755;11765;3061;20397;25076;12315;1483;506;2689;3119;13602;9281;25230;16457;14172;506;2449;10909;2248;1136
14.07.1993;10479;18045;26869;11858;3070;20443;24869;12259;1489;508;2695;3127;13549;9317;25277;16578;14110;508;2459;10930;2264;1140
15.07.1993;10473;18074;26987;11871;3065;20406;25019;12271;1488;508;2689;3103;13415;9307;25260;16678;14094;508;2458;10870;2268;1136
16.07.1993;10512;18024;27035;11973;3078;20503;24957;12268;1493;510;2705;3121;13402;9343;25311;16798;14070;510;2468;10816;2272;1134
19.07.1993;10499;18107;26866;11924;3073;20444;25181;12269;1492;509;2697;3117;13355;9330;25343;16835;14106;509;2461;10814;2260;1135
20.07.1993;10542;18056;26933;11984;3090;20513;25035;12228;1498;510;2718;3118;13462;9366;25459;16682;14122;510;2473;10879;2276;1140
21.07.1993;10563;18029;27095;12033;3094;20550;25047;12228;1501;511;2735;3127;13468;9386;25479;16616;14086;511;2475;10849;2273;1138
22.07.1993;10600;17988;27304;11986;3104;20659;25004;12229;1506;513;2743;3122;13515;9417;25577;16578;14102;513;2479;10876;2267;1130
23.07.1993;10583;18049;27284;12003;3096;20557;25151;12227;1504;512;2729;3106;13314;9404;25528;16785;14127;512;2471;10647;2246;1123
26.07.1993;10554;18148;27147;11974;3088;20490;25276;12299;1500;510;2713;3090;13161;9377;25467;16961;14148;510;2468;10544;2238;1126
27.07.1993;10531;18191;27327;11972;3084;20470;25283;12346;1496;507;2713;3114;13101;9362;25421;17076;14201;507;2471;10521;2261;1134
28.07.1993;10561;18195;27213;11969;3093;20527;25309;12331;1501;510;2718;3125;13169;9394;25504;17050;14177;510;2475;10550;2267;1133
29.07.1993;10580;18200;27128;12013;3102;20544;25310;12308;1504;511;2722;3123;12982;9409;25562;17251;14178;511;2475;10411;2253;1134
30.07.1993;10584;18209;27223;12030;3110;20594;25383;12296;1504;511;2722;3124;13113;9414;25550;17114;14155;511;2478;10499;2262;1141
2.08.1993;10542;18339;27113;12010;3073;20089;25542;12558;1498;502;2702;3072;12745;9358;25383;17562;14271;502;2460;10246;2212;1136
3.08.1993;10589;18325;27172;12092;3019;20093;25483;12626;1505;494;2601;3102;12738;9409;25497;17471;14271;494;2449;10229;2253;1132
4.08.1993;10676;18180;27405;12169;3051;20368;25254;12527;1518;501;2674;3132;13046;9486;25675;17455;14086;501;2470;10462;2271;1140
5.08.1993;10663;18220;27382;12093;3091;20463;25497;12513;1516;511;2704;3160;13190;9479;25699;17391;14152;511;2477;10545;2286;1141
6.08.1993;10665;18257;27367;12106;3081;20474;25526;12569;1516;507;2707;3159;13129;9482;25670;17507;14152;507;2472;10537;2281;1138
9.08.1993;10686;18287;27216;12114;3072;20482;25569;12476;1519;503;2671;3152;13058;9500;25687;17503;14156;503;2468;10547;2276;1134
10.08.1993;10742;18238;27287;12122;3066;20523;25501;12423;1527;504;2660;3155;13031;9548;25512;17381;14123;504;2475;10528;2297;1132
11.08.1993;10741;18297;27175;12125;3052;20443;25579;12516;1527;501;2629;3136;12847;9541;25016;17524;14168;501;2464;10408;2294;1128
12.08.1993;10724;18380;27034;12071;3051;20441;25667;12604;1523;503;2635;3131;12933;9525;25062;17699;14188;503;2463;10455;2283;1136
13.08.1993;10718;18413;27082;12075;3053;20495;25691;12533;1523;502;2619;3121;12990;9511;25069;17829;14056;502;2461;10471;2264;1136
16.08.1993;10753;18415;27013;12089;3039;20466;25701;12466;1528;501;2595;3107;12947;9543;25099;17958;14020;501;2461;10463;2242;1133
17.08.1993;10798;18395;26941;12088;3045;20514;25724;12451;1535;505;2603;3128;12990;9587;25147;18221;14001;505;2474;10495;2261;1133
18.08.1993;10834;18303;27310;12199;3066;20616;25700;12438;1540;509;2629;3141;13098;9620;25340;17897;13936;509;2490;10563;2273;1143
19.08.1993;10829;18330;27321;12203;3084;20653;25787;12377;1539;514;2636;3153;13113;9622;25436;18008;13882;514;2495;10580;2292;1142
20.08.1993;10851;18266;27651;12311;3096;20714;25705;12380;1542;515;2647;3160;13239;9647;25629;17867;13838;515;2503;10634;2305;1143
23.08.1993;10846;18307;27525;12328;3117;20791;25820;12418;1541;516;2663;3162;13438;9643;25661;17413;13910;516;2505;10694;2293;1149
24.08.1993;10881;18269;27638;12393;3118;20845;25604;12300;1546;516;2648;3165;13405;9674;25734;17632;13819;516;2510;10663;2276;1148
25.08.1993;10878;18343;27390;12350;3119;20807;25825;12248;1546;516;2648;3160;13467;9673;25738;17671;13909;516;2508;10682;2258;1148
26.08.1993;10888;18344;27437;12408;3124;20810;25826;12328;1547;515;2651;3151;13501;9685;25707;17448;13942;515;2510;10703;2268;1148
27.08.1993;11813;19728;29680;13412;3379;22485;27650;13247;1666;552;2848;3371;14540;10437;27416;18761;15038;552;2696;11503;2399;1235
30.08.1993;11827;19731;29783;13404;3380;22458;27654;13131;1681;555;2873;3365;14559;10525;27604;18983;14968;555;2719;11579;2430;1237
31.08.1993;11846;19760;29558;13434;3386;22531;27846;13268;1683;556;2873;3377;14595;10541;27601;19002;14968;556;2723;11586;2449;1239
1.09.1993;11850;19770;29613;13481;3391;22594;27806;13227;1684;555;2877;3363;14742;10545;27635;18961;14949;555;2723;11625;2411;1240
2.09.1993;11870;19793;29555;13435;3389;22621;27862;13201;1687;554;2883;3350;14790;10562;27706;18784;14994;554;2729;11644;2426;1241
3.09.1993;11935;19716;29564;13563;3395;22610;27676;13122;1696;556;2891;3324;14644;10619;27652;18624;14877;556;2735;11612;2407;1233
6.09.1993;11960;19706;29553;13623;3397;22625;27708;12775;1699;553;2896;3349;14568;10646;27712;18646;14893;553;2737;11602;2423;1233
7.09.1993;12079;19511;29870;13712;3424;22806;27476;12628;1716;557;2927;3397;14760;10762;27925;18656;14721;557;2765;11729;2458;1237
8.09.1993;12076;19545;29839;13730;3431;22854;27524;12784;1716;561;2931;3414;14841;10762;27993;18905;14764;561;2771;11762;2457;1251
9.09.1993;12081;19538;30081;13743;3432;22838;27812;12883;1717;556;2922;3403;14836;10763;28173;18593;14784;556;2765;11755;2453;1248
10.09.1993;12112;19500;30210;13815;3435;22869;27715;12787;1721;557;2924;3417;14898;10777;28135;18544;14783;557;2766;11749;2459;1253
13.09.1993;12130;19505;30132;13852;3450;22979;27710;12714;1724;566;2934;3422;15126;10797;28166;18340;14829;566;2775;11851;2468;1261
14.09.1993;12151;19467;30280;13919;3473;23095;27632;12674;1727;569;2951;3425;15213;10817;28348;18329;14788;569;2787;11896;2481;1267
15.09.1993;12112;19574;30136;13886;3474;23131;27863;12626;1721;567;2950;3414;15201;10785;28269;18483;14795;567;2788;11882;2479;1269
16.09.1993;12171;19513;30085;13963;3491;23224;27710;12610;1730;567;2967;3411;15201;10835;28309;18384;14782;567;2792;11927;2469;1273
17.09.1993;12219;19469;30119;13992;3497;23236;27722;12698;1736;571;2983;3397;15213;10881;28435;18580;14846;571;2798;11914;2465;1263
20.09.1993;12154;19623;29973;13958;3480;23075;28045;12801;1727;568;2977;3498;15169;10822;28284;18827;14950;568;2788;11887;2454;1257
21.09.1993;12131;19677;30073;13942;3480;23141;28010;12800;1724;568;2977;3385;15188;10800;28316;18846;14951;568;2786;11877;2436;1257
22.09.1993;12207;19586;30164;13979;3492;23225;27852;12806;1735;570;2978;3369;15271;10865;28418;18505;14803;570;2795;11950;2422;1257
23.09.1993;12112;19784;29976;13935;3478;23110;28159;12982;1721;567;2970;3360;15115;10784;28304;18603;14988;567;2777;11857;2425;1251
24.09.1993;12143;19777;29979;13905;3484;23069;27926;12890;1726;569;2988;3405;15191;10812;28233;18658;14948;569;2783;11876;2460;1251
27.09.1993;12057;19954;29911;13858;3463;22996;28207;13023;1714;566;2974;3414;15083;10739;28175;18838;15115;566;2769;11791;2462;1251
28.09.1993;12159;19819;29970;13918;3488;23175;27875;12917;1728;568;3000;3428;15126;10832;28427;18652;14976;568;2784;11867;2469;1255
29.09.1993;12172;19840;29894;13947;3488;23173;28039;12842;1730;567;3000;3424;15069;10843;28457;18830;14989;567;2781;11819;2452;1253
30.09.1993;12264;19735;29852;14018;3506;23316;27898;12793;1743;571;3019;3428;15183;10919;28576;18739;14894;571;2796;11920;2455;1254
1.10.1993;12230;19812;29914;13984;3503;23240;28122;12710;1738;567;3028;3421;15153;10890;28617;18853;14876;567;2799;11876;2464;1254
4.10.1993;12165;19971;29780;13910;3486;23095;28327;12936;1729;563;3008;3409;15073;10832;28493;18753;14957;563;2782;11813;2451;1251
5.10.1993;12183;19940;29993;13966;3494;23188;28084;12884;1732;563;3009;3393;15131;10847;28546;18786;14904;563;2789;11830;2449;1249
6.10.1993;12262;19832;30130;14024;3510;23219;28003;12836;1743;566;3023;3422;15119;10917;28741;18810;14813;566;2803;11870;2462;1249
7.10.1993;12229;19916;30203;13950;3503;23214;28253;13010;1738;566;3021;3436;15164;10886;28763;18814;14898;566;2799;11874;2472;1251
8.10.1993;12263;19882;30341;13970;3504;23187;28126;13050;1743;565;3025;3448;15108;10912;28941;18910;14891;565;2805;11871;2465;1243
11.10.1993;12335;19788;30392;14079;3518;23289;28065;13030;1754;568;3043;3460;15154;10975;29071;18718;14875;568;2818;11921;2479;1247
12.10.1993;12358;19789;30402;14074;3521;23338;28065;13044;1756;568;3053;3471;15225;10987;29003;18667;14872;568;2821;11962;2490;1250
13.10.1993;12378;19802;30288;14108;3526;23429;28084;13094;1759;569;3063;3472;15225;11005;29014;18672;14832;569;2826;11969;2491;1255
14.10.1993;12393;19819;30217;14149;3523;23361;28229;13113;1762;566;3063;3484;15256;11018;29001;18751;14939;566;2826;11935;2510;1255
15.10.1993;12404;19840;30327;14123;3505;23368;28209;13204;1763;564;3044;3484;15270;11027;29052;18638;14958;564;2820;11945;2517;1253
18.10.1993;12352;19990;30202;14000;3485;23427;28375;13261;1756;560;3037;3488;15255;10982;28988;18664;15089;560;2806;11907;2524;1253
19.10.1993;12333;20069;30079;13986;3480;23369;28330;13247;1753;562;3035;3542;15343;10964;28922;18716;15071;562;2808;11926;2552;1261
20.10.1993;12303;20153;30034;13955;3480;23322;28376;13416;1749;563;3030;3551;15268;10940;28827;18843;15228;563;2806;11860;2544;1261
21.10.1993;12269;20233;30095;13915;3476;23326;28409;13468;1744;564;3026;3543;15275;10910;28711;18833;15285;564;2801;11852;2557;1262
22.10.1993;12298;20211;30192;13920;3482;23236;28318;13544;1748;564;3035;3544;15311;10937;28778;18804;15365;564;2808;11855;2544;1264
25.10.1993;12212;20364;30164;13864;3491;23316;28525;13639;1736;564;3034;3546;15278;10872;28734;18844;15608;564;2802;11846;2538;1266
26.10.1993;12193;20414;30311;13822;3486;23312;28464;13658;1733;560;3034;3539;15229;10854;28814;18783;15617;560;2799;11803;2521;1265
27.10.1993;12168;20490;30226;13811;3490;23319;28530;13722;1730;561;3024;3538;15234;10833;28726;18939;15557;561;2797;11766;2527;1265
28.10.1993;12209;20448;30302;13853;3497;23351;28428;13580;1736;565;3033;3541;15298;10872;28824;18882;15509;565;2801;11794;2524;1261
29.10.1993;12204;20497;30339;13819;3484;23284;28560;13652;1735;562;3025;3539;15243;10866;28776;18899;15521;562;2794;11814;2515;1253
2.11.1993;12225;20481;30455;13840;3490;23353;28489;13668;1738;563;3034;3559;15257;10885;28814;18894;15502;563;2800;11871;2518;1262
3.11.1993;12141;20643;30533;13698;3482;23299;28671;13903;1727;564;3038;3556;15213;10813;28775;19049;15753;564;2792;11801;2518;1254
4.11.1993;12167;20632;30539;13741;3486;23356;28628;13953;1730;570;3043;3575;15208;10838;28873;19187;15768;570;2800;11826;2531;1259
5.11.1993;12195;20619;30574;13742;3493;23383;28666;13910;1734;568;3051;3585;15219;10864;28915;19091;15731;568;2805;11890;2530;1255
8.11.1993;12172;20676;30585;13757;3499;23378;28760;13941;1731;570;3054;3586;15202;10848;28933;19109;15993;570;2804;11867;2537;1255
9.11.1993;12201;20649;30578;13842;3513;23433;28663;13836;1735;575;3070;3583;15227;10875;29075;19064;15913;575;2812;11896;2545;1253
10.11.1993;12239;20637;30474;13891;3514;23356;28690;13766;1740;575;3074;3595;15298;10908;29029;19080;15902;575;2815;11970;2536;1253
12.11.1993;12230;20692;30439;13879;3508;23376;28783;13776;1739;570;3068;3579;15239;10900;29021;19312;15826;570;2807;11949;2521;1254
15.11.1993;12204;20747;30654;13788;3509;23429;28859;13650;1735;572;3063;3559;15145;10873;29020;19465;15807;572;2808;11935;2515;1246
16.11.1993;12261;20664;30814;13867;3521;23466;28768;13554;1744;574;3070;3552;15094;10924;29133;19557;15658;574;2818;11979;2519;1243
17.11.1993;12231;20731;30846;13875;3521;23481;28999;13640;1739;575;3070;3564;15105;10898;29171;19417;15720;575;2816;12023;2522;1244
18.11.1993;12178;20849;30778;13836;3522;23428;29070;13803;1732;576;3076;3568;15119;10864;29070;19430;15857;576;2812;11983;2523;1248
19.11.1993;12199;20842;30813;13888;3522;23447;28931;13827;1735;576;3077;3582;15114;10876;29190;19567;15843;576;2814;11979;2525;1250
22.11.1993;12192;20890;30821;13867;3517;23412;29055;13799;1734;574;3074;3599;15142;10871;29246;19330;15790;574;2810;11997;2508;1248
23.11.1993;12222;20876;30813;13922;3518;23438;28922;13773;1738;574;3080;3602;15155;10893;29357;19286;15735;574;2811;12002;2501;1237
24.11.1993;12228;20888;30863;13952;3521;23436;28947;13863;1739;576;3076;3583;15101;10896;29321;19209;15734;576;2809;12020;2479;1224
25.11.1993;12260;20844;31027;13976;3538;23542;28870;13833;1743;579;3088;3599;15116;10925;29474;19254;15667;579;2821;12027;2492;1240
26.11.1993;12242;20902;31058;13967;3531;23517;29035;13913;1741;578;3084;3600;14984;10903;29477;19288;15715;578;2814;11973;2492;1239
29.11.1993;12231;20949;31054;13946;3539;23512;29100;13872;1739;577;3085;3584;15019;10895;29501;19245;15746;577;2816;11962;2493;1236
30.11.1993;12226;20982;31043;13980;3544;23506;29145;13853;1739;578;3088;3587;14989;10896;29477;19213;15741;578;2816;11945;2493;1237
1.12.1993;12250;20959;31153;14044;3544;23531;28982;13817;1742;578;3091;3592;14957;10918;29533;19214;15658;578;2817;11980;2474;1232
2.12.1993;12227;21040;31096;14001;3539;23484;29116;13833;1739;579;3089;3589;14905;10903;29662;19350;15719;579;2812;11958;2472;1225
3.12.1993;12227;21053;31157;14055;3546;23536;29090;13950;1739;580;3097;3609;14893;10904;29639;19355;15730;580;2816;11958;2490;1225
6.12.1993;12222;21065;31301;14067;3556;23523;29120;14093;1738;581;3101;3631;14826;10902;29724;19342;15859;581;2818;11953;2501;1224
7.12.1993;12275;20985;31339;14243;3573;23650;29013;14036;1745;584;3116;3658;14902;10951;29817;19371;15798;584;2831;12018;2504;1236
8.12.1993;12313;20941;31434;14312;3579;23727;29069;13916;1751;590;3128;3663;15059;10987;29687;19455;15818;590;2839;12079;2529;1254
9.12.1993;12303;21002;31336;14293;3583;23707;29226;14085;1749;590;3133;3656;15071;10985;29684;19333;15853;590;2835;12081;2524;1255
10.12.1993;12304;21021;31361;14308;3594;23771;29196;14142;1749;589;3146;3660;15084;10994;29712;19292;15896;589;2835;12082;2529;1253
13.12.1993;12349;20968;31404;14395;3605;23811;29078;14037;1756;591;3159;3677;15090;11027;29835;19221;15782;591;2845;12102;2533;1254
14.12.1993;12372;20976;31340;14402;3608;23834;29137;14080;1760;590;3148;3671;15057;11041;29804;19245;15775;590;2847;12063;2499;1245
15.12.1993;12313;21090;31398;14354;3605;23774;29312;14158;1751;589;3143;3661;15071;10996;29860;19325;15874;589;2835;12067;2508;1248
16.12.1993;12306;21127;31378;14406;3604;23773;29262;14232;1750;590;3140;3640;15075;10991;29853;19259;15811;590;2835;12060;2506;1249
17.12.1993;12327;21130;31374;14409;3607;23809;29218;14262;1753;590;3146;3637;14953;11008;29883;19194;15861;590;2838;12056;2504;1248
20.12.1993;12359;21100;31431;14471;3615;23836;29171;14279;1758;592;3154;3637;15041;11037;29907;19206;15813;592;2844;12112;2511;1250
21.12.1993;12343;21148;31424;14490;3621;23837;29287;14354;1755;593;3152;3650;15058;11021;29942;19150;15768;593;2846;12084;2513;1255
22.12.1993;12363;21134;31439;14586;3627;23904;29190;14388;1758;595;3159;3682;15108;11043;30066;19076;15733;595;2852;12104;2521;1262
23.12.1993;12390;21120;31485;14582;3638;23932;29187;14367;1762;597;3171;3696;15103;11066;30094;18957;15701;597;2856;12130;2536;1266
24.12.1993;12413;21089;31603;14674;3644;23989;29132;14287;1765;598;3177;3719;15132;11082;30187;19054;15861;598;2862;12140;2558;1270
27.12.1993;12435;21078;31691;14671;3650;24062;29117;14311;1769;597;3184;3728;15126;11100;30228;19032;15821;597;2868;12164;2569;1268
28.12.1993;12412;21147;31748;14631;3642;24001;29213;14350;1765;596;3178;3702;15093;11073;30223;18990;15890;596;2861;12188;2550;1257
29.12.1993;12430;21143;31822;14639;3646;24001;29312;14377;1768;598;3182;3702;15140;11091;30316;19012;15888;598;2864;12182;2549;1259
30.12.1993;12399;21217;31790;14683;3643;23966;29415;14322;1763;596;3173;3704;15052;11067;30253;19007;15889;596;2857;12151;2567;1254
31.12.1993;12364;21344;31602;14546;3638;23923;29477;14406;1759;595;3170;3703;15022;11049;30220;19134;15971;595;2852;12166;2569;1251