KURS ÅšREDNI;1 USD;1 EUR;1 AUD;1 ATS;100 BEF;1 CZK;1 DKK;1 EEK;1 FIM;1 FRF;100 GRD;100 ESP;1 NLG;1 IEP;100 JPY;1 CAD;100 LUF;1 NOK;100 PTE;1 DEM;1 CHF;1 SEK;100 HUF;1 GBP;100 ITL;1 XDR;NR TAB
30.12.1999;4,1483;4,1689;2,7110;0,3030;10,3344;0,1153;0,5601;0,2673;0,7012;0,6355;1,2627;2,5056;1,8918;5,2934;4,0637;2,8598;10,3344;0,5166;2,0794;2,1315;2,5954;0,4879;1,6374;6,7062;0,2153;5,6845;254/A/NBP/1999
3.01.2000;4,1171;4,1650;2,7073;0,3027;10,3248;0,1157;0,5598;0,2673;0,7005;0,6350;1,2630;2,5032;1,8900;5,2885;4,0429;2,8501;10,3248;0,5155;2,0775;2,1295;2,5964;0,4862;1,6362;6,6576;0,2151;5,6839;1/A/NBP/2000
4.01.2000;4,1267;4,2232;2,7191;0,3069;10,4690;0,1169;0,5675;0,2699;0,7103;0,6438;1,2792;2,5382;1,9164;5,3624;4,0164;2,8546;10,4690;0,5196;2,1065;2,1593;2,6340;0,4915;1,6595;6,7571;0,2181;5,7597;2/A/NBP/2000
5.01.2000;4,1299;4,2797;2,7188;0,3110;10,6091;0,1177;0,5749;0,2699;0,7198;0,6524;1,2939;2,5722;1,9420;5,4341;4,0031;2,8461;10,6091;0,5208;2,1347;2,1882;2,6687;0,4952;1,6814;6,7760;0,2210;5,7393;3/A/NBP/2000
6.01.2000;4,1129;4,2553;2,6974;0,3092;10,5486;0,1174;0,5717;0,2699;0,7157;0,6487;1,2856;2,5575;1,9310;5,4031;3,9366;2,8278;10,5486;0,5186;2,1225;2,1757;2,6522;0,4924;1,6710;6,7620;0,2198;5,6718;4/A/NBP/2000
7.01.2000;4,0898;4,2112;2,6752;0,3060;10,4393;0,1166;0,5658;0,2699;0,7083;0,6420;1,2734;2,5310;1,9110;5,3471;3,8903;2,8005;10,4393;0,5145;2,1005;2,1532;2,6201;0,4881;1,6548;6,7336;0,2175;5,5959;5/A/NBP/2000
10.01.2000;4,0620;4,1682;2,6695;0,3029;10,3327;0,1159;0,5599;0,2699;0,7010;0,6354;1,2607;2,5051;1,8914;5,2925;3,8928;2,7978;10,3327;0,5085;2,0791;2,1312;2,5902;0,4822;1,6365;6,6537;0,2153;5,5742;6/A/NBP/2000
11.01.2000;4,0457;4,1647;2,6453;0,3027;10,3240;0,1158;0,5594;0,2699;0,7005;0,6349;1,2590;2,5030;1,8899;5,2881;3,8266;2,7779;10,3240;0,5061;2,0773;2,1294;2,5885;0,4813;1,6350;6,6428;0,2151;5,5929;7/A/NBP/2000
12.01.2000;4,0718;4,2077;2,6802;0,3058;10,4306;0,1169;0,5651;0,2699;0,7077;0,6415;1,2712;2,5289;1,9094;5,3427;3,8479;2,7963;10,4306;0,5110;2,0988;2,1514;2,6129;0,4851;1,6516;6,7092;0,2173;5,6356;8/A/NBP/2000
13.01.2000;4,0660;4,1886;2,6827;0,3044;10,3833;0,1162;0,5626;0,2699;0,7045;0,6385;1,2662;2,5174;1,9007;5,3184;3,8435;2,7978;10,3833;0,5118;2,0893;2,1416;2,6002;0,4838;1,6434;6,6884;0,2163;5,5862;9/A/NBP/2000
14.01.2000;4,0660;4,1641;2,7053;0,3026;10,3225;0,1156;0,5593;0,2699;0,7004;0,6348;1,2553;2,5027;1,8896;5,2873;3,8492;2,8010;10,3225;0,5114;2,0770;2,1291;2,5839;0,4826;1,6336;6,6861;0,2151;5,5669;10/A/NBP/2000
17.01.2000;4,0845;4,1366;2,7147;0,3006;10,2544;0,1150;0,5558;0,2699;0,6957;0,6306;1,2496;2,4861;1,8771;5,2524;3,8819;2,8150;10,2544;0,5117;2,0633;2,1150;2,5643;0,4826;1,6230;6,6919;0,2136;5,5518;11/A/NBP/2000
18.01.2000;4,0655;4,1093;2,6950;0,2986;10,1867;0,1142;0,5520;0,2634;0,6911;0,6265;1,2425;2,4697;1,8647;5,2177;3,8634;2,8092;10,1867;0,5063;2,0497;2,1011;2,5480;0,4794;1,6119;6,6499;0,2122;5,5152;12/A/NBP/2000
19.01.2000;4,0959;4,1453;2,7223;0,3013;10,2759;0,1149;0,5568;0,2634;0,6972;0,6319;1,2535;2,4914;1,8811;5,2634;3,8636;2,8233;10,2759;0,5133;2,0677;2,1195;2,5697;0,4828;1,6257;6,7098;0,2141;5,6134;13/A/NBP/2000
20.01.2000;4,0834;4,1224;2,7079;0,2996;10,2192;0,1142;0,5537;0,2634;0,6933;0,6285;1,2465;2,4776;1,8707;5,2344;3,8663;2,8133;10,2192;0,5098;2,0562;2,1077;2,5531;0,4798;1,6164;6,7228;0,2129;5,5729;14/A/NBP/2000
21.01.2000;4,0757;4,1357;2,7069;0,3006;10,2521;0,1146;0,5555;0,2634;0,6956;0,6305;1,2489;2,4856;1,8767;5,2513;3,8824;2,8174;10,2521;0,5110;2,0629;2,1145;2,5693;0,4812;1,6211;6,7516;0,2136;5,6096;15/A/NBP/2000
24.01.2000;4,0867;4,1073;2,6856;0,2985;10,1817;0,1143;0,5516;0,2634;0,6908;0,6262;1,2393;2,4685;1,8638;5,2152;3,8911;2,8398;10,1817;0,5099;2,0487;2,1000;2,5465;0,4792;1,6104;6,7527;0,2121;5,5808;16/A/NBP/2000
25.01.2000;4,1225;4,1427;2,7052;0,3011;10,2695;0,1153;0,5565;0,2634;0,6968;0,6316;1,2489;2,4898;1,8799;5,2601;3,8915;2,8572;10,2695;0,5149;2,0664;2,1181;2,5714;0,4860;1,6237;6,8064;0,2140;5,6527;17/A/NBP/2000
26.01.2000;4,1211;4,1310;2,6976;0,3002;10,2405;0,1153;0,5550;0,2634;0,6948;0,6298;1,2459;2,4828;1,8746;5,2453;3,8997;2,8678;10,2405;0,5122;2,0605;2,1121;2,5629;0,4836;1,6190;6,7760;0,2133;5,6367;18/A/NBP/2000
27.01.2000;4,1303;4,1331;2,7022;0,3004;10,2457;0,1154;0,5553;0,2634;0,6951;0,6301;1,2464;2,4840;1,8755;5,2480;3,9084;2,8706;10,2457;0,5114;2,0616;2,1132;2,5655;0,4842;1,6191;6,7556;0,2135;5,6396;19/A/NBP/2000
28.01.2000;4,1637;4,1034;2,6956;0,2982;10,1721;0,1148;0,5513;0,2634;0,6901;0,6256;1,2370;2,4662;1,8620;5,2102;3,9725;2,8968;10,1721;0,5090;2,0468;2,0980;2,5455;0,4817;1,6071;6,7646;0,2119;5,6075;20/A/NBP/2000
31.01.2000;4,2076;4,1250;2,6735;0,2998;10,2256;0,1153;0,5543;0,2634;0,6938;0,6289;1,2431;2,4792;1,8718;5,2377;3,9395;2,9115;10,2256;0,5099;2,0575;2,1091;2,5636;0,4794;1,6154;6,8227;0,2130;5,6939;21/A/NBP/2000
1.02.2000;4,2162;4,0855;2,6828;0,2969;10,1277;0,1139;0,5489;0,2611;0,6871;0,6228;1,2308;2,4554;1,8539;5,1875;3,9248;2,9061;10,1277;0,5065;2,0378;2,0889;2,5426;0,4765;1,5991;6,7944;0,2110;5,6452;22/A/NBP/2000
2.02.2000;4,2511;4,1296;2,6838;0,3001;10,2370;0,1153;0,5548;0,2639;0,6945;0,6296;1,2435;2,4819;1,8739;5,2435;3,9180;2,9260;10,2370;0,5142;2,0598;2,1114;2,5654;0,4844;1,6166;6,8467;0,2133;5,7204;23/A/NBP/2000
3.02.2000;4,2248;4,1104;2,6757;0,2987;10,1894;0,1145;0,5522;0,2627;0,6913;0,6266;1,2371;2,4704;1,8652;5,2191;3,9057;2,9284;10,1894;0,5124;2,0503;2,1016;2,5506;0,4843;1,6084;6,7644;0,2123;5,6837;24/A/NBP/2000
4.02.2000;4,1681;4,1357;2,6596;0,3006;10,2521;0,1155;0,5556;0,2643;0,6956;0,6305;1,2436;2,4856;1,8767;5,2513;3,8809;2,8939;10,2521;0,5104;2,0629;2,1145;2,5709;0,4870;1,6184;6,6118;0,2136;5,7011;25/A/NBP/2000
7.02.2000;4,1759;4,0978;2,6663;0,2978;10,1582;0,1149;0,5505;0,2619;0,6892;0,6247;1,2317;2,4628;1,8595;5,2031;3,8502;2,9021;10,1582;0,5077;2,0440;2,0952;2,5507;0,4833;1,6034;6,6691;0,2116;5,6160;26/A/NBP/2000
8.02.2000;4,1672;4,0856;2,6489;0,2969;10,1279;0,1144;0,5489;0,2611;0,6871;0,6228;1,2278;2,4555;1,8540;5,1876;3,8142;2,8738;10,1279;0,5064;2,0379;2,0889;2,5432;0,4824;1,5984;6,6655;0,2110;5,6245;27/A/NBP/2000
9.02.2000;4,1373;4,0951;2,6250;0,2976;10,1515;0,1149;0,5502;0,2617;0,6887;0,6243;1,2306;2,4612;1,8583;5,1997;3,7991;2,8576;10,1515;0,5070;2,0426;2,0938;2,5455;0,4824;1,6018;6,6517;0,2115;5,5676;28/A/NBP/2000
10.02.2000;4,1561;4,1207;2,6315;0,2995;10,2149;0,1154;0,5536;0,2634;0,6931;0,6282;1,2379;2,4766;1,8699;5,2322;3,8243;2,8679;10,2149;0,5098;2,0554;2,1069;2,5664;0,4854;1,6113;6,7052;0,2128;5,6006;29/A/NBP/2000
11.02.2000;4,1369;4,0780;2,6047;0,2964;10,1091;0,1144;0,5478;0,2606;0,6859;0,6217;1,2249;2,4509;1,8505;5,1780;3,7782;2,8517;10,1091;0,5070;2,0341;2,0850;2,5403;0,4819;1,5943;6,6250;0,2106;5,5781;30/A/NBP/2000
14.02.2000;4,1417;4,1013;2,6125;0,2981;10,1669;0,1151;0,5508;0,2621;0,6898;0,6252;1,2316;2,4649;1,8611;5,2076;3,8230;2,8496;10,1669;0,5074;2,0457;2,0970;2,5544;0,4832;1,6026;6,5805;0,2118;5,6193;31/A/NBP/2000
15.02.2000;4,1545;4,0710;2,6079;0,2959;10,0917;0,1142;0,5468;0,2602;0,6847;0,6206;1,2215;2,4467;1,8473;5,1691;3,8034;2,8511;10,0917;0,5051;2,0306;2,0815;2,5338;0,4808;1,5911;6,5927;0,2102;5,5614;32/A/NBP/2000
16.02.2000;4,1360;4,0569;2,6133;0,2948;10,0568;0,1138;0,5449;0,2593;0,6823;0,6185;1,2176;2,4382;1,8409;5,1512;3,7952;2,8425;10,0568;0,5009;2,0236;2,0743;2,5271;0,4754;1,5854;6,6241;0,2095;5,5741;33/A/NBP/2000
17.02.2000;4,1136;4,0795;2,6058;0,2965;10,1128;0,1141;0,5479;0,2607;0,6861;0,6219;1,2244;2,4518;1,8512;5,1799;3,7421;2,8301;10,1128;0,5018;2,0348;2,0858;2,5421;0,4779;1,5935;6,6253;0,2107;5,5952;34/A/NBP/2000
18.02.2000;4,1021;4,0430;2,5922;0,2938;10,0223;0,1131;0,5429;0,2584;0,6800;0,6164;1,2131;2,4299;1,8346;5,1336;3,7010;2,8300;10,0223;0,4970;2,0166;2,0672;2,5197;0,4738;1,5790;6,5927;0,2088;5,4920;35/A/NBP/2000
21.02.2000;4,1127;4,0613;2,5842;0,2951;10,0677;0,1137;0,5453;0,2596;0,6831;0,6191;1,2168;2,4409;1,8429;5,1568;3,7019;2,8368;10,0677;0,4968;2,0258;2,0765;2,5335;0,4740;1,5824;6,5818;0,2097;5,5329;36/A/NBP/2000
22.02.2000;4,0876;4,0835;2,5948;0,2968;10,1227;0,1144;0,5483;0,2610;0,6868;0,6225;1,2233;2,4542;1,8530;5,1850;3,6740;2,8069;10,1227;0,4981;2,0368;2,0879;2,5421;0,4749;1,5888;6,5783;0,2109;5,5632;37/A/NBP/2000
23.02.2000;4,0986;4,1185;2,5470;0,2993;10,2095;0,1155;0,5530;0,2632;0,6927;0,6279;1,2336;2,4753;1,8689;5,2294;3,6997;2,7999;10,2095;0,5034;2,0543;2,1058;2,5582;0,4796;1,5972;6,5912;0,2127;5,6108;38/A/NBP/2000
24.02.2000;4,0769;4,0660;2,5233;0,2955;10,0794;0,1141;0,5460;0,2599;0,6839;0,6199;1,2177;2,4437;1,8451;5,1628;3,6647;2,7890;10,0794;0,4982;2,0281;2,0789;2,5240;0,4749;1,5836;6,5218;0,2100;5,4499;39/A/NBP/2000
25.02.2000;4,1258;4,0758;2,5179;0,2962;10,1036;0,1146;0,5473;0,2605;0,6855;0,6214;1,2201;2,4496;1,8495;5,1752;3,7142;2,8346;10,1036;0,5009;2,0330;2,0839;2,5340;0,4777;1,5879;6,5887;0,2105;5,5392;40/A/NBP/2000
28.02.2000;4,1698;4,0514;2,5588;0,2944;10,0432;0,1142;0,5441;0,2589;0,6814;0,6176;1,2132;2,4349;1,8384;5,1442;3,8176;2,8731;10,0432;0,5018;2,0208;2,0714;2,5226;0,4805;1,5786;6,6297;0,2092;5,5321;41/A/NBP/2000
29.02.2000;4,1531;4,0539;2,5527;0,2946;10,0494;0,1137;0,5443;0,2591;0,6818;0,6180;1,2139;2,4364;1,8396;5,1474;3,7755;2,8568;10,0494;0,5016;2,0221;2,0727;2,5226;0,4800;1,5789;6,6105;0,2094;5,6316;42/A/NBP/2000
1.03.2000;4,1607;4,0259;2,5283;0,2926;9,9799;0,1128;0,5406;0,2573;0,6771;0,6137;1,2063;2,4196;1,8269;5,1118;3,8101;2,8675;9,9799;0,4974;2,0081;2,0584;2,5056;0,4772;1,5687;6,5675;0,2079;5,5505;43/A/NBP/2000
2.03.2000;4,1248;4,0147;2,5261;0,2918;9,9522;0,1124;0,5390;0,2566;0,6752;0,6120;1,2031;2,4129;1,8218;5,0976;3,8599;2,8570;9,9522;0,4968;2,0025;2,0527;2,4979;0,4754;1,5652;6,5509;0,2073;5,5615;44/A/NBP/2000
3.03.2000;4,1252;3,9815;2,5053;0,2893;9,8699;0,1117;0,5345;0,2545;0,6696;0,6070;1,1930;2,3929;1,8067;5,0555;3,8352;2,8378;9,8699;0,4927;1,9860;2,0357;2,4777;0,4697;1,5519;6,5084;0,2056;5,5036;45/A/NBP/2000
6.03.2000;4,1119;3,9583;2,4795;0,2877;9,8124;0,1115;0,5315;0,2530;0,6657;0,6034;1,1863;2,3790;1,7962;5,0260;3,8357;2,8219;9,8124;0,4900;1,9744;2,0238;2,4626;0,4687;1,5427;6,4848;0,2044;5,4915;46/A/NBP/2000
7.03.2000;4,1316;3,9658;2,4959;0,2882;9,8310;0,1114;0,5325;0,2535;0,6670;0,6046;1,1890;2,3835;1,7996;5,0355;3,8434;2,8436;9,8310;0,4902;1,9781;2,0277;2,4658;0,4699;1,5455;6,4955;0,2048;5,5151;47/A/NBP/2000
8.03.2000;4,1312;3,9649;2,5059;0,2881;9,8287;0,1116;0,5324;0,2534;0,6668;0,6044;1,1882;2,3830;1,7992;5,0344;3,8610;2,8364;9,8287;0,4906;1,9777;2,0272;2,4673;0,4700;1,5449;6,5223;0,2048;5,5297;48/A/NBP/2000
9.03.2000;4,1245;3,9641;2,5276;0,2881;9,8267;0,1116;0,5322;0,2534;0,6667;0,6043;1,1881;2,3825;1,7988;5,0334;3,8706;2,8314;9,8267;0,4882;1,9773;2,0268;2,4682;0,4694;1,5440;6,5204;0,2047;5,5583;49/A/NBP/2000
10.03.2000;4,0926;3,9583;2,5196;0,2877;9,8124;0,1114;0,5314;0,2530;0,6657;0,6034;1,1863;2,3790;1,7962;5,0260;3,8499;2,8120;9,8124;0,4887;1,9744;2,0238;2,4632;0,4693;1,5400;6,4784;0,2044;5,5247;50/A/NBP/2000
13.03.2000;4,1021;3,9881;2,5402;0,2898;9,8862;0,1121;0,5353;0,2549;0,6708;0,6080;1,1951;2,3969;1,8097;5,0638;3,8863;2,8135;9,8862;0,4913;1,9893;2,0391;2,4768;0,4742;1,5484;6,4868;0,2060;5,5667;51/A/NBP/2000
14.03.2000;4,1011;3,9502;2,5325;0,2871;9,7923;0,1112;0,5302;0,2525;0,6644;0,6022;1,1843;2,3741;1,7925;5,0157;3,9144;2,8066;9,7923;0,4865;1,9704;2,0197;2,4512;0,4705;1,5327;6,4551;0,2040;5,4795;52/A/NBP/2000
15.03.2000;4,0817;3,9496;2,5032;0,2870;9,7908;0,1110;0,5303;0,2524;0,6643;0,6021;1,1842;2,3738;1,7923;5,0150;3,8599;2,7868;9,7908;0,4851;1,9701;2,0194;2,4504;0,4688;1,5339;6,4221;0,2040;5,5211;53/A/NBP/2000
16.03.2000;4,0757;3,9522;2,5027;0,2872;9,7972;0,1111;0,5308;0,2526;0,6647;0,6025;1,1848;2,3753;1,7934;5,0183;3,8683;2,7799;9,7972;0,4841;1,9713;2,0207;2,4514;0,4685;1,5381;6,3988;0,2041;5,5083;54/A/NBP/2000
17.03.2000;4,0773;3,9444;2,4878;0,2867;9,7779;0,1109;0,5298;0,2521;0,6634;0,6013;1,1826;2,3706;1,7899;5,0084;3,8473;2,7689;9,7779;0,4843;1,9675;2,0167;2,4464;0,4693;1,5347;6,4147;0,2037;5,4953;55/A/NBP/2000
20.03.2000;4,0696;3,9570;2,4719;0,2876;9,8091;0,1113;0,5314;0,2529;0,6655;0,6032;1,1852;2,3782;1,7956;5,0244;3,8088;2,7704;9,8091;0,4842;1,9737;2,0232;2,4539;0,4698;1,5395;6,3890;0,2044;5,5019;56/A/NBP/2000
21.03.2000;4,0462;3,9344;2,4657;0,2859;9,7531;0,1106;0,5283;0,2515;0,6617;0,5998;1,1786;2,3646;1,7854;4,9957;3,7924;2,7522;9,7531;0,4809;1,9625;2,0116;2,4412;0,4683;1,5305;6,3412;0,2032;5,4366;57/A/NBP/2000
22.03.2000;4,0553;3,8961;2,4611;0,2831;9,6582;0,1095;0,5232;0,2490;0,6553;0,5940;1,1669;2,3416;1,7680;4,9470;3,7946;2,7596;9,6582;0,4784;1,9434;1,9920;2,4179;0,4654;1,5154;6,3599;0,2012;5,3974;58/A/NBP/2000
23.03.2000;4,0653;3,9144;2,4531;0,2845;9,7035;0,1101;0,5256;0,2502;0,6584;0,5967;1,1715;2,3526;1,7763;4,9703;3,7850;2,7666;9,7035;0,4813;1,9525;2,0014;2,4347;0,4675;1,5228;6,4134;0,2022;5,4564;59/A/NBP/2000
24.03.2000;4,0403;3,9190;2,4515;0,2848;9,7149;0,1099;0,5262;0,2505;0,6591;0,5974;1,1723;2,3554;1,7784;4,9761;3,7783;2,7518;9,7149;0,4819;1,9548;2,0038;2,4514;0,4678;1,5223;6,4193;0,2024;5,4356;60/A/NBP/2000
27.03.2000;4,0350;3,9358;2,4397;0,2860;9,7566;0,1103;0,5285;0,2515;0,6620;0,6000;1,1776;2,3655;1,7860;4,9974;3,7683;2,7592;9,7566;0,4849;1,9632;2,0123;2,4782;0,4723;1,5301;6,4527;0,2033;5,4589;61/A/NBP/2000
28.03.2000;4,0477;3,9045;2,4824;0,2838;9,6790;0,1094;0,5243;0,2495;0,6567;0,5952;1,1682;2,3467;1,7718;4,9577;3,8026;2,7763;9,6790;0,4807;1,9476;1,9963;2,4564;0,4681;1,5175;6,4129;0,2017;5,4146;62/A/NBP/2000
29.03.2000;4,0785;3,9049;2,4961;0,2838;9,6800;0,1098;0,5244;0,2496;0,6568;0,5953;1,1677;2,3469;1,7720;4,9582;3,8538;2,8009;9,6800;0,4843;1,9478;1,9965;2,4574;0,4746;1,5150;6,4704;0,2017;5,4404;63/A/NBP/2000
30.03.2000;4,1033;3,9167;2,4994;0,2846;9,7092;0,1099;0,5260;0,2503;0,6587;0,5971;1,1711;2,3540;1,7773;4,9732;3,8943;2,8107;9,7092;0,4850;1,9536;2,0026;2,4574;0,4740;1,5158;6,5278;0,2023;5,4987;64/A/NBP/2000
31.03.2000;4,1428;3,9650;2,5265;0,2881;9,8290;0,1095;0,5325;0,2534;0,6669;0,6045;1,1845;2,3830;1,7992;5,0345;3,9417;2,8487;9,8290;0,4903;1,9777;2,0273;2,4914;0,4779;1,5346;6,6089;0,2048;5,5782;65/A/NBP/2000
3.04.2000;4,1343;3,9336;2,5077;0,2859;9,7511;0,1087;0,5283;0,2514;0,6616;0,5997;1,1750;2,3641;1,7850;4,9946;3,9377;2,8507;9,7511;0,4851;1,9621;2,0112;2,4776;0,4755;1,5203;6,5697;0,2032;5,5459;66/A/NBP/2000
4.04.2000;4,1899;4,0009;2,5403;0,2908;9,9180;0,1105;0,5372;0,2557;0,6729;0,6099;1,1952;2,4046;1,8155;5,0801;3,9836;2,8882;9,9180;0,4929;1,9956;2,0456;2,5320;0,4819;1,5428;6,6949;0,2066;5,6245;67/A/NBP/2000
5.04.2000;4,1896;4,0350;2,5333;0,2932;10,0025;0,1113;0,5418;0,2579;0,6786;0,6151;1,2051;2,4251;1,8310;5,1234;3,9777;2,8788;10,0025;0,4952;2,0126;2,0631;2,5617;0,4851;1,5599;6,6805;0,2084;5,6847;68/A/NBP/2000
6.04.2000;4,1895;4,0347;2,5290;0,2932;10,0018;0,1112;0,5417;0,2579;0,6786;0,6151;1,2048;2,4249;1,8309;5,1230;3,9999;2,8867;10,0018;0,4959;2,0125;2,0629;2,5610;0,4862;1,5567;6,6387;0,2084;5,6222;69/A/NBP/2000
7.04.2000;4,1742;4,0022;2,4966;0,2909;9,9212;0,1104;0,5373;0,2558;0,6731;0,6101;1,1952;2,4054;1,8161;5,0817;3,9795;2,8733;9,9212;0,4931;1,9963;2,0463;2,5520;0,4840;1,5476;6,6092;0,2067;5,5994;70/A/NBP/2000
10.04.2000;4,1422;3,9638;2,4772;0,2881;9,8260;0,1094;0,5321;0,2533;0,6667;0,6043;1,1841;2,3823;1,7987;5,0330;3,8998;2,8407;9,8260;0,4870;1,9771;2,0267;2,5206;0,4784;1,5320;6,5512;0,2047;5,5695;71/A/NBP/2000
11.04.2000;4,1497;3,9937;2,4715;0,2902;9,9001;0,1100;0,5362;0,2552;0,6717;0,6088;1,1928;2,4003;1,8123;5,0710;3,8590;2,8382;9,9001;0,4877;1,9920;2,0419;2,5382;0,4821;1,5462;6,5810;0,2063;5,5820;72/A/NBP/2000
12.04.2000;4,0992;3,9275;2,4390;0,2854;9,7360;0,1079;0,5273;0,2510;0,6606;0,5987;1,1728;2,3605;1,7822;4,9869;3,8853;2,7955;9,7360;0,4807;1,9590;2,0081;2,4933;0,4744;1,5213;6,4966;0,2028;5,4893;73/A/NBP/2000
13.04.2000;4,1631;3,9923;2,4953;0,2901;9,8967;0,1094;0,5359;0,2552;0,6715;0,6086;1,1918;2,3994;1,8116;5,0692;3,9364;2,8456;9,8967;0,4894;1,9914;2,0412;2,5352;0,4816;1,5459;6,6174;0,2062;5,5992;74/A/NBP/2000
14.04.2000;4,1751;3,9865;2,4914;0,2897;9,8823;0,1094;0,5351;0,2548;0,6705;0,6077;1,1900;2,3959;1,8090;5,0618;3,9427;2,8386;9,8823;0,4895;1,9885;2,0383;2,5336;0,4800;1,5460;6,6155;0,2059;5,6113;75/A/NBP/2000
17.04.2000;4,2762;4,1017;2,5562;0,2981;10,1678;0,1124;0,5506;0,2621;0,6899;0,6253;1,2235;2,4652;1,8613;5,2081;4,1312;2,8955;10,1678;0,5009;2,0459;2,0972;2,6146;0,4928;1,5858;6,7948;0,2118;5,7663;76/A/NBP/2000
18.04.2000;4,2723;4,0489;2,5320;0,2942;10,0370;0,1112;0,5435;0,2588;0,6810;0,6173;1,2077;2,4334;1,8373;5,1410;4,0968;2,8740;10,0370;0,4947;2,0196;2,0702;2,5764;0,4877;1,5659;6,7448;0,2091;5,7034;77/A/NBP/2000
19.04.2000;4,2558;4,0287;2,5234;0,2928;9,9869;0,1108;0,5407;0,2575;0,6776;0,6142;1,2008;2,4213;1,8281;5,1154;4,0686;2,8736;9,9869;0,4932;2,0095;2,0598;2,5593;0,4879;1,5586;6,7190;0,2081;5,6991;78/A/NBP/2000
20.04.2000;4,2880;4,0269;2,5517;0,2926;9,9824;0,1110;0,5402;0,2574;0,6773;0,6139;1,2005;2,4202;1,8273;5,1131;4,0957;2,9077;9,9824;0,4938;2,0086;2,0589;2,5625;0,4893;1,5597;6,7759;0,2080;5,7077;79/A/NBP/2000
21.04.2000;4,2948;4,0268;2,5473;0,2926;9,9822;0,1109;0,5402;0,2574;0,6773;0,6139;1,2003;2,4202;1,8273;5,1130;4,0607;2,9156;9,9822;0,4951;2,0086;2,0589;2,5623;0,4890;1,5607;6,7848;0,2080;5,7470;80/A/NBP/2000
25.04.2000;4,2980;4,0245;2,5554;0,2925;9,9765;0,1110;0,5400;0,2572;0,6769;0,6135;1,1990;2,4188;1,8262;5,1101;4,0812;2,9108;9,9765;0,4933;2,0074;2,0577;2,5615;0,4882;1,5596;6,7810;0,2078;5,7409;81/A/NBP/2000
26.04.2000;4,3045;3,9524;2,5338;0,2872;9,7977;0,1092;0,5302;0,2526;0,6647;0,6025;1,1772;2,3754;1,7935;5,0185;4,0631;2,9299;9,7977;0,4849;1,9714;2,0208;2,5123;0,4835;1,5312;6,7916;0,2041;5,6634;82/A/NBP/2000
27.04.2000;4,3060;3,9643;2,5337;0,2881;9,8272;0,1094;0,5317;0,2534;0,6667;0,6044;1,1797;2,3826;1,7989;5,0336;4,0506;2,9158;9,8272;0,4852;1,9774;2,0269;2,5211;0,4837;1,5352;6,7772;0,2047;5,7231;83/A/NBP/2000
28.04.2000;4,4234;4,0226;2,5983;0,2923;9,9718;0,1110;0,5396;0,2571;0,6766;0,6132;1,1972;2,4176;1,8254;5,1076;4,1573;2,9956;9,9718;0,4938;2,0065;2,0567;2,5592;0,4944;1,5572;6,9313;0,2077;5,8276;84/A/NBP/2000
2.05.2000;4,4548;4,0622;2,6088;0,2952;10,0699;0,1118;0,5449;0,2596;0,6832;0,6193;1,2081;2,4414;1,8433;5,1579;4,1032;3,0122;10,0699;0,4982;2,0262;2,0770;2,6004;0,4986;1,5731;6,9416;0,2098;5,8986;85/A/NBP/2000
4.05.2000;4,5440;4,0527;2,6777;0,2945;10,0464;0,1113;0,5438;0,2590;0,6816;0,6178;1,2058;2,4357;1,8390;5,1459;4,1534;3,0429;10,0464;0,5013;2,0215;2,0721;2,6251;0,5005;1,5688;7,0858;0,2093;5,9629;86/A/NBP/2000
5.05.2000;4,6342;4,1462;2,7489;0,3013;10,2782;0,1132;0,5564;0,2650;0,6973;0,6321;1,2324;2,4919;1,8815;5,2646;4,3046;3,0958;10,2782;0,5103;2,0681;2,1199;2,6737;0,5103;1,6048;7,1051;0,2141;6,0673;87/A/NBP/2000
8.05.2000;4,5833;4,1290;2,6896;0,3001;10,2355;0,1128;0,5540;0,2639;0,6944;0,6295;1,2278;2,4816;1,8737;5,2427;4,2139;3,0717;10,2355;0,5059;2,0595;2,1111;2,6612;0,5048;1,5982;7,0317;0,2132;6,0204;88/A/NBP/2000
9.05.2000;4,5197;4,0600;2,6306;0,2951;10,0645;0,1102;0,5447;0,2595;0,6828;0,6189;1,2077;2,4401;1,8423;5,1551;4,1393;3,0274;10,0645;0,4984;2,0251;2,0758;2,6230;0,4979;1,5712;6,9295;0,2097;5,9292;89/A/NBP/2000
10.05.2000;4,4124;4,0127;2,5776;0,2916;9,9472;0,1086;0,5384;0,2565;0,6749;0,6117;1,1933;2,4117;1,8209;5,0951;4,0327;2,9604;9,9472;0,4906;2,0015;2,0517;2,5774;0,4894;1,5532;6,7355;0,2072;5,8428;90/A/NBP/2000
11.05.2000;4,4932;4,0716;2,5957;0,2959;10,0932;0,1100;0,5462;0,2602;0,6848;0,6207;1,2106;2,4471;1,8476;5,1699;4,0910;3,0051;10,0932;0,4954;2,0309;2,0818;2,6161;0,4937;1,5754;6,7612;0,2103;5,8679;91/A/NBP/2000
12.05.2000;4,4600;4,0206;2,5765;0,2922;9,9668;0,1090;0,5392;0,2570;0,6762;0,6129;1,1953;2,4164;1,8245;5,1051;4,1075;2,9913;9,9668;0,4901;2,0055;2,0557;2,5832;0,4884;1,5549;6,7437;0,2076;5,8012;92/A/NBP/2000
15.05.2000;4,4413;4,0643;2,5565;0,2954;10,0751;0,1103;0,5448;0,2598;0,6836;0,6196;1,2081;2,4427;1,8443;5,1606;4,0667;2,9909;10,0751;0,4945;2,0273;2,0780;2,6087;0,4918;1,5687;6,7267;0,2099;5,8982;93/A/NBP/2000
16.05.2000;4,4086;3,9983;2,5392;0,2906;9,9115;0,1087;0,5360;0,2555;0,6725;0,6095;1,1881;2,4030;1,8143;5,0768;4,0409;2,9597;9,9115;0,4889;1,9943;2,0443;2,5742;0,4856;1,5439;6,6055;0,2065;5,7336;94/A/NBP/2000
17.05.2000;4,4581;3,9972;2,5525;0,2905;9,9088;0,1091;0,5359;0,2555;0,6723;0,6094;1,1876;2,4024;1,8139;5,0754;4,0752;2,9955;9,9088;0,4899;1,9938;2,0437;2,5816;0,4877;1,5445;6,6432;0,2064;5,7692;95/A/NBP/2000
18.05.2000;4,5321;4,0494;2,5753;0,2943;10,0382;0,1102;0,5428;0,2588;0,6811;0,6173;1,2026;2,4337;1,8375;5,1417;4,1505;3,0181;10,0382;0,4966;2,0198;2,0704;2,6082;0,4956;1,5640;6,7199;0,2091;5,9059;96/A/NBP/2000
19.05.2000;4,5163;4,0335;2,5882;0,2931;9,9988;0,1102;0,5409;0,2578;0,6784;0,6149;1,1980;2,4242;1,8303;5,1215;4,1930;3,0078;9,9988;0,4935;2,0119;2,0623;2,6000;0,4928;1,5566;6,6979;0,2083;5,8661;97A/NBP/2000
22.05.2000;4,4916;4,0424;2,5756;0,2938;10,0208;0,1111;0,5420;0,2584;0,6799;0,6163;1,2001;2,4295;1,8344;5,1328;4,2006;3,0064;10,0208;0,4935;2,0163;2,0668;2,6030;0,4891;1,5579;6,6761;0,2088;5,9296;98/A/NBP/2000
23.05.2000;4,5093;4,1147;2,5934;0,2990;10,2001;0,1130;0,5517;0,2630;0,6920;0,6273;1,2211;2,4730;1,8672;5,2246;4,2126;3,0023;10,2001;0,4976;2,0524;2,1038;2,6328;0,4936;1,5855;6,6597;0,2125;5,9836;99/A/NBP/2000
24.05.2000;4,4994;4,0870;2,5691;0,2970;10,1314;0,1123;0,5480;0,2612;0,6874;0,6231;1,2127;2,4563;1,8546;5,1894;4,2054;2,9843;10,1314;0,4937;2,0386;2,0896;2,6133;0,4910;1,5723;6,6245;0,2111;5,8865;100/A/NBP/2000
25.05.2000;4,5013;4,0586;2,5566;0,2949;10,0610;0,1117;0,5443;0,2594;0,6826;0,6187;1,2043;2,4393;1,8417;5,1534;4,1820;2,9764;10,0610;0,4917;2,0244;2,0751;2,6043;0,4885;1,5623;6,6398;0,2096;5,8473;101/A/NBP/2000
26.05.2000;4,5186;4,1392;2,5812;0,3008;10,2608;0,1141;0,5550;0,2645;0,6962;0,6310;1,2279;2,4877;1,8783;5,2557;4,2123;3,0077;10,2608;0,5002;2,0646;2,1163;2,6456;0,4958;1,5925;6,6761;0,2138;6,0272;102/A/NBP/2000
29.05.2000;4,4975;4,1773;2,5778;0,3036;10,3553;0,1150;0,5600;0,2670;0,7026;0,6368;1,2390;2,5106;1,8956;5,3041;4,2012;2,9943;10,3553;0,5019;2,0836;2,1358;2,6662;0,4957;1,6076;6,7019;0,2157;5,9954;103/A/NBP/2000
30.05.2000;4,4602;4,1797;2,5773;0,3038;10,3612;0,1150;0,5602;0,2671;0,7030;0,6372;1,2394;2,5121;1,8967;5,3071;4,1711;2,9723;10,3612;0,5013;2,0848;2,1370;2,6613;0,4964;1,6097;6,6865;0,2159;5,9989;104/A/NBP/2000
31.05.2000;4,3914;4,0894;2,5162;0,2972;10,1374;0,1132;0,5480;0,2614;0,6878;0,6234;1,2138;2,4578;1,8557;5,1925;4,0962;2,9181;10,1374;0,4921;2,0398;2,0909;2,6036;0,4894;1,5772;6,5683;0,2112;5,7883;105/A/NBP/2000
1.06.2000;4,3770;4,0832;2,5067;0,2967;10,1220;0,1131;0,5471;0,2610;0,6867;0,6225;1,2119;2,4541;1,8529;5,1846;4,0304;2,9294;10,1220;0,4903;2,0367;2,0877;2,5952;0,4879;1,5747;6,5363;0,2109;5,7937;106/A/NBP/2000
2.06.2000;4,3674;4,0891;2,4976;0,2972;10,1366;0,1132;0,5479;0,2613;0,6877;0,6234;1,2129;2,4576;1,8556;5,1921;4,0178;2,9315;10,1366;0,4929;2,0396;2,0907;2,6003;0,4901;1,5769;6,5426;0,2112;5,7752;107/A/NBP/2000
5.06.2000;4,3199;4,0799;2,5191;0,2965;10,1138;0,1134;0,5466;0,2608;0,6862;0,6220;1,2112;2,4521;1,8514;5,1804;4,0009;2,9244;10,1138;0,4924;2,0350;2,0860;2,5910;0,4895;1,5742;6,5211;0,2107;5,7515;108/A/NBP/2000
6.06.2000;4,3716;4,1447;2,5430;0,3012;10,2744;0,1152;0,5554;0,2649;0,6971;0,6319;1,2306;2,4910;1,8808;5,2627;4,0887;2,9673;10,2744;0,4999;2,0674;2,1192;2,6335;0,4978;1,5984;6,6283;0,2141;5,8242;109/A/NBP/2000
7.06.2000;4,3303;4,1471;2,5543;0,3014;10,2804;0,1148;0,5557;0,2650;0,6975;0,6322;1,2318;2,4925;1,8819;5,2657;4,1095;2,9369;10,2804;0,5014;2,0686;2,1204;2,6395;0,4980;1,5984;6,6095;0,2142;5,8073;110/A/NBP/2000
8.06.2000;4,3960;4,2177;2,5922;0,3065;10,4554;0,1164;0,5651;0,2696;0,7094;0,6430;1,2535;2,5349;1,9139;5,3554;4,1519;2,9697;10,4554;0,5091;2,1038;2,1565;2,6954;0,5065;1,6253;6,6704;0,2178;5,8995;111/A/NBP/2000
9.06.2000;4,4210;4,2266;2,5870;0,3072;10,4775;0,1172;0,5662;0,2701;0,7109;0,6443;1,2555;2,5402;1,9179;5,3667;4,1462;2,9919;10,4775;0,5090;2,1082;2,1610;2,6987;0,5064;1,6283;6,6818;0,2183;5,8392;112/A/NBP/2000
12.06.2000;4,4002;4,1978;2,5922;0,3051;10,4061;0,1166;0,5623;0,2683;0,7060;0,6400;1,2480;2,5229;1,9049;5,3301;4,1319;2,9863;10,4061;0,5050;2,0939;2,1463;2,6834;0,5046;1,6178;6,6363;0,2168;5,8873;113/A/NBP/2000
13.06.2000;4,3939;4,2064;2,6076;0,3057;10,4274;0,1166;0,5636;0,2688;0,7075;0,6413;1,2505;2,5281;1,9088;5,3410;4,1268;2,9802;10,4274;0,5077;2,0981;2,1507;2,6911;0,5066;1,6200;6,6557;0,2172;5,8776;114/A/NBP/2000
14.06.2000;4,3939;4,2298;2,6506;0,3074;10,4854;0,1175;0,5669;0,2703;0,7114;0,6448;1,2579;2,5422;1,9194;5,3707;4,1208;2,9944;10,4854;0,5116;2,1098;2,1627;2,7070;0,5125;1,6293;6,6184;0,2185;5,8849;115/A/NBP/2000
15.06.2000;4,3974;4,1966;2,6385;0,3050;10,4031;0,1164;0,5624;0,2682;0,7058;0,6398;1,2469;2,5222;1,9043;5,3286;4,1358;2,9916;10,4031;0,5099;2,0933;2,1457;2,6838;0,5098;1,6150;6,6125;0,2167;5,8085;116/A/NBP/2000
16.06.2000;4,4169;4,2079;2,6855;0,3058;10,4311;0,1163;0,5642;0,2689;0,7077;0,6415;1,2497;2,5290;1,9095;5,3429;4,1545;2,9918;10,4311;0,5111;2,0989;2,1515;2,6978;0,5088;1,6202;6,6792;0,2173;5,8834;117/A/NBP/2000
19.06.2000;4,3942;4,2389;2,6528;0,3081;10,5080;0,1176;0,5682;0,2709;0,7129;0,6462;1,2593;2,5476;1,9235;5,3823;4,1507;2,9956;10,5080;0,5120;2,1144;2,1673;2,7139;0,5100;1,6317;6,6508;0,2189;5,9110;118/A/NBP/2000
20.06.2000;4,3913;4,2068;2,6592;0,3057;10,4284;0,1168;0,5642;0,2689;0,7075;0,6413;1,2502;2,5283;1,9090;5,3415;4,1584;2,9931;10,4284;0,5103;2,0983;2,1509;2,6981;0,5087;1,6192;6,6458;0,2173;5,8371;119/A/NBP/2000
21.06.2000;4,4103;4,1975;2,6466;0,3050;10,4053;0,1163;0,5629;0,2683;0,7060;0,6399;1,2472;2,5227;1,9047;5,3297;4,1837;2,9976;10,4053;0,5106;2,0937;2,1461;2,7033;0,5092;1,6146;6,6749;0,2168;5,8682;120/A/NBP/2000
23.06.2000;4,4327;4,1549;2,6363;0,3019;10,2997;0,1156;0,5572;0,2655;0,6988;0,6334;1,2349;2,4971;1,8854;5,2756;4,2508;2,9996;10,2997;0,5074;2,0725;2,1244;2,6831;0,5016;1,5987;6,6638;0,2146;5,8674;121/A/NBP/2000
26.06.2000;4,4667;4,1578;2,6479;0,3022;10,3069;0,1160;0,5576;0,2657;0,6993;0,6339;1,2352;2,4989;1,8867;5,2793;4,2675;3,0047;10,3069;0,5081;2,0739;2,1258;2,6851;0,5017;1,5997;6,7094;0,2147;5,8776;122/A/NBP/2000
27.06.2000;4,4200;4,1578;2,6562;0,3022;10,3069;0,1160;0,5575;0,2657;0,6993;0,6339;1,2355;2,4989;1,8867;5,2793;4,1833;2,9815;10,3069;0,5073;2,0739;2,1258;2,6844;0,4967;1,5993;6,6281;0,2147;5,9079;123/A/NBP/2000
28.06.2000;4,4045;4,1571;2,6482;0,3021;10,3052;0,1165;0,5574;0,2657;0,6992;0,6337;1,2350;2,4985;1,8864;5,2784;4,1704;2,9766;10,3052;0,5067;2,0736;2,1255;2,6852;0,4953;1,5980;6,6312;0,2147;5,8705;124/A/NBP/2000
29.06.2000;4,3992;4,1590;2,6423;0,3022;10,3099;0,1159;0,5575;0,2658;0,6995;0,6340;1,2357;2,4996;1,8873;5,2808;4,2006;2,9733;10,3099;0,5083;2,0745;2,1265;2,6755;0,4947;1,5989;6,6683;0,2148;5,8706;125/A/NBP/2000
30.06.2000;4,3907;4,2075;2,6335;0,3058;10,4301;0,1180;0,5639;0,2689;0,7077;0,6414;1,2499;2,5288;1,9093;5,3424;4,1650;2,9610;10,4301;0,5138;2,0987;2,1513;2,6998;0,4994;1,6174;6,6406;0,2173;5,9166;126/A/NBP/2000
3.07.2000;4,3651;4,1533;2,6186;0,3018;10,2958;0,1165;0,5567;0,2654;0,6985;0,6332;1,2335;2,4962;1,8847;5,2736;4,1144;2,9508;10,2958;0,5092;2,0717;2,1235;2,6722;0,4959;1,5969;6,6199;0,2145;5,8122;127/A/NBP/2000
4.07.2000;4,3126;4,0900;2,5860;0,2972;10,1388;0,1145;0,5482;0,2614;0,6879;0,6235;1,2150;2,4581;1,8560;5,1932;4,0606;2,9107;10,1388;0,5004;2,0401;2,0912;2,6330;0,4882;1,5735;6,5257;0,2112;5,7236;128/A/NBP/2000
5.07.2000;4,3004;4,1064;2,5622;0,2984;10,1795;0,1149;0,5502;0,2624;0,6906;0,6260;1,2193;2,4680;1,8634;5,2141;4,0427;2,8896;10,1795;0,5017;2,0483;2,0996;2,6456;0,4891;1,5794;6,5124;0,2121;5,7465;129/A/NBP/2000
6.07.2000;4,3204;4,1379;2,5513;0,3007;10,2576;0,1158;0,5544;0,2645;0,6959;0,6308;1,2291;2,4869;1,8777;5,2540;4,0399;2,8993;10,2576;0,5048;2,0640;2,1157;2,6700;0,4898;1,5897;6,5225;0,2137;5,7835;130/A/NBP/2000
7.07.2000;4,3212;4,1088;2,5443;0,2986;10,1854;0,1152;0,5505;0,2626;0,6911;0,6264;1,2202;2,4694;1,8645;5,2171;4,0192;2,9128;10,1854;0,5023;2,0495;2,1008;2,6562;0,4872;1,5789;6,5141;0,2122;5,7342;131/A/NBP/2000
10.07.2000;4,3078;4,0999;2,5564;0,2980;10,1634;0,1151;0,5493;0,2620;0,6896;0,6250;1,2181;2,4641;1,8605;5,2058;4,0314;2,9082;10,1634;0,5029;2,0450;2,0962;2,6525;0,4854;1,5759;6,5405;0,2117;5,7415;132/A/NBP/2000
11.07.2000;4,2644;4,0697;2,5229;0,2958;10,0885;0,1144;0,5453;0,2601;0,6845;0,6204;1,2086;2,4459;1,8467;5,1675;3,9879;2,8859;10,0885;0,4980;2,0300;2,0808;2,6216;0,4820;1,5633;6,4527;0,2102;5,6850;133/A/NBP/2000
12.07.2000;4,2833;4,0665;2,5294;0,2955;10,0806;0,1147;0,5449;0,2599;0,6839;0,6199;1,2077;2,4440;1,8453;5,1634;3,9848;2,8937;10,0806;0,4982;2,0284;2,0792;2,6194;0,4845;1,5630;6,4784;0,2100;5,6840;134/A/NBP/2000
13.07.2000;4,3257;4,0550;2,5530;0,2947;10,0521;0,1138;0,5435;0,2592;0,6820;0,6182;1,2042;2,4371;1,8401;5,1488;4,0089;2,9186;10,0521;0,4979;2,0226;2,0733;2,6080;0,4855;1,5584;6,5041;0,2094;5,6672;135/A/NBP/2000
14.07.2000;4,3345;4,0600;2,5375;0,2951;10,0645;0,1145;0,5443;0,2595;0,6828;0,6189;1,2060;2,4401;1,8423;5,1551;4,0136;2,9249;10,0645;0,4978;2,0251;2,0758;2,6214;0,4856;1,5606;6,5106;0,2097;5,7437;136/A/NBP/2000
17.07.2000;4,3333;4,0727;2,5413;0,2960;10,0960;0,1148;0,5460;0,2603;0,6850;0,6209;1,2098;2,4477;1,8481;5,1713;4,0058;2,9201;10,0960;0,4994;2,0315;2,0823;2,6303;0,4876;1,5658;6,4893;0,2103;5,7539;137/A/NBP/2000
18.07.2000;4,3053;4,0309;2,5174;0,2929;9,9923;0,1131;0,5407;0,2576;0,6779;0,6145;1,1975;2,4226;1,8291;5,1182;3,9916;2,9088;9,9923;0,4922;2,0106;2,0610;2,6020;0,4806;1,5493;6,4376;0,2082;5,6937;138/A/NBP/2000
19.07.2000;4,3404;4,0050;2,5260;0,2911;9,9281;0,1124;0,5373;0,2560;0,6736;0,6106;1,1901;2,4071;1,8174;5,0853;4,0189;2,9413;9,9281;0,4899;1,9977;2,0477;2,5896;0,4765;1,5391;6,4990;0,2068;5,6555;139/A/NBP/2000
20.07.2000;4,3578;4,0172;2,5169;0,2919;9,9584;0,1125;0,5389;0,2567;0,6756;0,6124;1,1930;2,4144;1,8229;5,1008;4,0303;2,9501;9,9584;0,4909;2,0038;2,0540;2,5942;0,4785;1,5436;6,5167;0,2075;5,7308;140/A/NBP/2000
21.07.2000;4,3048;4,0255;2,5297;0,2925;9,9790;0,1128;0,5400;0,2573;0,6770;0,6137;1,1948;2,4194;1,8267;5,1113;3,9682;2,9220;9,9790;0,4914;2,0079;2,0582;2,5952;0,4789;1,5467;6,5275;0,2079;5,7405;141/A/NBP/2000
24.07.2000;4,2952;4,0135;2,5247;0,2917;9,9492;0,1127;0,5383;0,2565;0,6750;0,6119;1,1911;2,4122;1,8212;5,0961;3,9501;2,9208;9,9492;0,4895;2,0019;2,0521;2,5809;0,4764;1,5418;6,5244;0,2073;5,6609;142/A/NBP/2000
25.07.2000;4,3096;4,0410;2,5150;0,2937;10,0174;0,1134;0,5421;0,2583;0,6796;0,6160;1,1981;2,4287;1,8337;5,1310;3,9525;2,9382;10,0174;0,4949;2,0156;2,0661;2,6010;0,4827;1,5526;6,5320;0,2087;5,7166;143/A/NBP/2000
26.07.2000;4,2922;4,0439;2,5363;0,2939;10,0246;0,1134;0,5425;0,2585;0,6801;0,6165;1,1991;2,4304;1,8350;5,1347;3,9328;2,9226;10,0246;0,4937;2,0171;2,0676;2,6050;0,4815;1,5535;6,5161;0,2089;5,6826;144/A/NBP/2000
27.07.2000;4,2971;4,0403;2,5398;0,2936;10,0156;0,1132;0,5419;0,2582;0,6795;0,6159;1,1982;2,4283;1,8334;5,1301;3,9477;2,9313;10,0156;0,4930;2,0153;2,0658;2,6002;0,4801;1,5513;6,5140;0,2087;5,6874;145/A/NBP/2000
28.07.2000;4,3327;4,0230;2,5535;0,2924;9,9728;0,1131;0,5396;0,2571;0,6766;0,6133;1,1927;2,4179;1,8256;5,1082;3,9700;2,9397;9,9728;0,4908;2,0067;2,0569;2,5967;0,4751;1,5447;6,5484;0,2078;5,6621;146/A/NBP/2000
31.07.2000;4,3388;4,0108;2,5138;0,2915;9,9425;0,1132;0,5379;0,2563;0,6746;0,6114;1,1890;2,4105;1,8200;5,0927;3,9666;2,9333;9,9425;0,4893;2,0006;2,0507;2,5907;0,4722;1,5399;6,5042;0,2071;5,6916;147/A/NBP/2000
1.08.2000;4,3524;4,0291;2,5187;0,2928;9,9879;0,1137;0,5403;0,2575;0,6776;0,6142;1,1944;2,4215;1,8283;5,1159;3,9680;2,9268;9,9879;0,4918;2,0097;2,0600;2,6052;0,4748;1,5467;6,5212;0,2081;5,7250;148/A/NBP/2000
2.08.2000;4,3738;4,0130;2,5452;0,2916;9,9480;0,1134;0,5382;0,2565;0,6749;0,6118;1,1904;2,4119;1,8210;5,0955;4,0218;2,9488;9,9480;0,4909;2,0017;2,0518;2,5995;0,4737;1,5406;6,5310;0,2073;5,6887;149/A/NBP/2000
3.08.2000;4,3773;3,9889;2,5611;0,2899;9,8882;0,1128;0,5349;0,2549;0,6709;0,6081;1,1833;2,3974;1,8101;5,0649;4,0353;2,9593;9,8882;0,4877;1,9897;2,0395;2,5844;0,4715;1,5310;6,5424;0,2060;5,7083;150/A/NBP/2000
4.08.2000;4,4051;3,9831;2,5707;0,2895;9,8738;0,1127;0,5342;0,2546;0,6699;0,6072;1,1820;2,3939;1,8075;5,0575;4,0621;2,9654;9,8738;0,4908;1,9868;2,0365;2,5771;0,4747;1,5286;6,5717;0,2057;5,7661;151/A/NBP/2000
7.08.2000;4,3978;3,9880;2,5704;0,2898;9,8860;0,1129;0,5348;0,2549;0,6707;0,6080;1,1831;2,3968;1,8097;5,0637;4,0381;2,9422;9,8860;0,4927;1,9892;2,0390;2,5768;0,4758;1,5303;6,6224;0,2060;5,7727;152/A/NBP/2000
8.08.2000;4,3780;3,9612;2,5711;0,2879;9,8196;0,1121;0,5310;0,2532;0,6662;0,6039;1,1755;2,3807;1,7975;5,0297;4,0332;2,9469;9,8196;0,4877;1,9758;2,0253;2,5644;0,4731;1,5199;6,6070;0,2046;5,7123;153/A/NBP/2000
9.08.2000;4,3673;3,9155;2,5392;0,2846;9,7063;0,1109;0,5250;0,2502;0,6585;0,5969;1,1617;2,3533;1,7768;4,9717;4,0376;2,9367;9,7063;0,4847;1,9530;2,0020;2,5332;0,4707;1,5021;6,5586;0,2022;5,6655;154/A/NBP/2000
10.08.2000;4,3603;3,9421;2,5239;0,2865;9,7722;0,1118;0,5286;0,2519;0,6630;0,6010;1,1694;2,3692;1,7888;5,0054;4,0492;2,9398;9,7722;0,4866;1,9663;2,0156;2,5514;0,4730;1,5118;6,5391;0,2036;5,7430;155/A/NBP/2000
11.08.2000;4,3308;3,9429;2,5217;0,2865;9,7742;0,1118;0,5286;0,2520;0,6631;0,6011;1,1693;2,3697;1,7892;5,0065;3,9817;2,9192;9,7742;0,4856;1,9667;2,0160;2,5412;0,4715;1,5117;6,4946;0,2036;5,7150;156/A/NBP/2000
14.08.2000;4,3558;3,9334;2,5222;0,2859;9,7506;0,1115;0,5273;0,2514;0,6616;0,5996;1,1669;2,3640;1,7849;4,9944;4,0039;2,9338;9,7506;0,4872;1,9620;2,0111;2,5322;0,4720;1,5079;6,5546;0,2031;5,6501;157/A/NBP/2000
16.08.2000;4,3423;3,9467;2,5526;0,2868;9,7836;0,1114;0,5291;0,2522;0,6638;0,6017;1,1710;2,3720;1,7909;5,0113;3,9844;2,9306;9,7836;0,4873;1,9686;2,0179;2,5275;0,4708;1,5131;6,5310;0,2038;5,7165;158/A/NBP/2000
17.08.2000;4,3183;3,9442;2,5483;0,2866;9,7774;0,1114;0,5288;0,2521;0,6634;0,6013;1,1698;2,3705;1,7898;5,0081;3,9770;2,9240;9,7774;0,4870;1,9674;2,0166;2,5240;0,4682;1,5117;6,4707;0,2037;5,6940;159/A/NBP/2000
18.08.2000;4,3139;3,9498;2,5577;0,2870;9,7913;0,1115;0,5297;0,2524;0,6643;0,6021;1,1709;2,3739;1,7923;5,0152;3,9583;2,9256;9,7913;0,4889;1,9702;2,0195;2,5242;0,4692;1,5137;6,4544;0,2040;5,6673;160/A/NBP/2000
21.08.2000;4,3279;3,9119;2,5543;0,2843;9,6973;0,1103;0,5246;0,2500;0,6579;0,5964;1,1597;2,3511;1,7751;4,9671;4,0075;2,9329;9,6973;0,4855;1,9512;2,0001;2,5087;0,4648;1,4990;6,4521;0,2020;5,6157;161/A/NBP/2000
22.08.2000;4,3302;3,8878;2,5457;0,2825;9,6376;0,1097;0,5213;0,2485;0,6539;0,5927;1,1521;2,3366;1,7642;4,9365;3,9910;2,9281;9,6376;0,4827;1,9392;1,9878;2,4899;0,4638;1,4896;6,4261;0,2008;5,6345;162/A/NBP/2000
23.08.2000;4,3413;3,8806;2,4807;0,2820;9,6198;0,1096;0,5204;0,2480;0,6527;0,5916;1,1507;2,3323;1,7609;4,9273;4,0404;2,9301;9,6198;0,4813;1,9356;1,9841;2,4944;0,4637;1,4867;6,4201;0,2004;5,6447;163/A/NBP/2000
24.08.2000;4,3492;3,9204;2,4901;0,2849;9,7184;0,1109;0,5257;0,2506;0,6594;0,5977;1,1616;2,3562;1,7790;4,9779;4,0590;2,9275;9,7184;0,4839;1,9555;2,0045;2,5268;0,4686;1,5014;6,4332;0,2025;5,7392;164/A/NBP/2000
25.08.2000;4,3833;3,9597;2,5122;0,2878;9,8158;0,1120;0,5309;0,2531;0,6660;0,6037;1,1732;2,3798;1,7968;5,0278;4,0944;2,9537;9,8158;0,4889;1,9751;2,0246;2,5627;0,4723;1,5163;6,4791;0,2045;5,7967;165/A/NBP/2000
28.08.2000;4,3821;3,9562;2,5133;0,2875;9,8072;0,1120;0,5306;0,2528;0,6654;0,6031;1,1721;2,3777;1,7952;5,0233;4,1225;2,9517;9,8072;0,4892;1,9733;2,0228;2,5621;0,4700;1,5146;6,4454;0,2043;5,7377;166/A/NBP/2000
29.08.2000;4,3597;3,9311;2,5013;0,2857;9,7449;0,1112;0,5272;0,2512;0,6612;0,5993;1,1649;2,3626;1,7839;4,9915;4,0934;2,9438;9,7449;0,4869;1,9608;2,0099;2,5445;0,4659;1,5050;6,3952;0,2030;5,7131;167/A/NBP/2000
30.08.2000;4,3885;3,9001;2,4992;0,2834;9,6681;0,1104;0,5231;0,2493;0,6559;0,5946;1,1554;2,3440;1,7698;4,9521;4,1315;2,9545;9,6681;0,4844;1,9454;1,9941;2,5203;0,4638;1,4930;6,3458;0,2014;5,6892;168/A/NBP/2000
31.08.2000;4,3812;3,9157;2,5269;0,2846;9,7068;0,1108;0,5251;0,2503;0,6586;0,5969;1,1599;2,3534;1,7769;4,9719;4,1164;2,9714;9,7068;0,4848;1,9531;2,0021;2,5285;0,4648;1,4983;6,3727;0,2022;5,7233;169/A/NBP/2000
1.09.2000;4,4084;3,9168;2,5297;0,2846;9,7095;0,1110;0,5252;0,2503;0,6588;0,5971;1,1601;2,3540;1,7774;4,9733;4,1367;2,9967;9,7095;0,4854;1,9537;2,0026;2,5282;0,4675;1,4991;6,3984;0,2023;5,7384;170/A/NBP/2000
4.09.2000;4,3675;3,9364;2,5180;0,2861;9,7581;0,1112;0,5277;0,2516;0,6621;0,6001;1,1659;2,3658;1,7863;4,9982;4,1277;2,9677;9,7581;0,4865;1,9635;2,0126;2,5341;0,4689;1,5064;6,3851;0,2033;5,7604;171/A/NBP/2000
5.09.2000;4,3379;3,8786;2,4874;0,2819;9,6148;0,1098;0,5200;0,2479;0,6523;0,5913;1,1488;2,3311;1,7600;4,9248;4,0799;2,9406;9,6148;0,4793;1,9346;1,9831;2,5022;0,4627;1,4834;6,3144;0,2003;5,6758;172/A/NBP/2000
6.09.2000;4,3628;3,8491;2,4756;0,2797;9,5417;0,1090;0,5159;0,2460;0,6474;0,5868;1,1395;2,3134;1,7466;4,8873;4,1231;2,9497;9,5417;0,4776;1,9199;1,9680;2,4834;0,4571;1,4700;6,3245;0,1988;5,6412;173/A/NBP/2000
7.09.2000;4,4249;3,8278;2,4039;0,2782;9,4889;0,1085;0,5132;0,2446;0,6438;0,5835;1,1324;2,3006;1,7370;4,8603;4,1722;2,9789;9,4889;0,4772;1,9093;1,9571;2,4736;0,4578;1,4618;6,3358;0,1977;5,6498;174/A/NBP/2000
8.09.2000;4,4160;3,8579;2,4746;0,2804;9,5635;0,1093;0,5172;0,2466;0,6489;0,5881;1,1406;2,3186;1,7506;4,8985;4,1879;2,9953;9,5635;0,4802;1,9243;1,9725;2,4905;0,4628;1,4740;6,3074;0,1992;5,7638;175/A/NBP/2000
11.09.2000;4,4264;3,8193;2,4630;0,2776;9,4678;0,1082;0,5120;0,2441;0,6424;0,5822;1,1291;2,2954;1,7331;4,8495;4,1675;2,9955;9,4678;0,4758;1,9051;1,9528;2,4868;0,4560;1,4582;6,2642;0,1973;5,6674;176/A/NBP/2000
12.09.2000;4,4534;3,8354;2,4901;0,2787;9,5077;0,1084;0,5139;0,2451;0,6451;0,5847;1,1341;2,3051;1,7404;4,8700;4,1894;3,0063;9,5077;0,4819;1,9131;1,9610;2,5249;0,4573;1,4648;6,2405;0,1981;5,7421;177/A/NBP/2000
13.09.2000;4,4919;3,8891;2,5031;0,2826;9,6408;0,1097;0,5210;0,2486;0,6541;0,5929;1,1497;2,3374;1,7648;4,9381;4,2042;3,0400;9,6408;0,4837;1,9399;1,9885;2,5464;0,4624;1,4872;6,3402;0,2009;5,8166;178/A/NBP/2000
14.09.2000;4,5030;3,9071;2,4796;0,2839;9,6854;0,1100;0,5234;0,2497;0,6571;0,5956;1,1547;2,3482;1,7730;4,9610;4,1987;3,0183;9,6854;0,4860;1,9489;1,9977;2,5626;0,4641;1,4925;6,3675;0,2018;5,8167;179/A/NBP/2000
15.09.2000;4,4873;3,8843;2,4733;0,2823;9,6289;0,1095;0,5202;0,2483;0,6533;0,5922;1,1473;2,3345;1,7626;4,9320;4,1729;3,0173;9,6289;0,4839;1,9375;1,9860;2,5380;0,4622;1,4835;6,3236;0,2006;5,7652;180/A/NBP/2000
18.09.2000;4,5423;3,8902;2,4668;0,2827;9,6436;0,1092;0,5209;0,2486;0,6543;0,5931;1,1483;2,3381;1,7653;4,9395;4,2458;3,0603;9,6436;0,4872;1,9404;1,9890;2,5507;0,4631;1,4852;6,3560;0,2009;5,8095;181/A/NBP/2000
19.09.2000;4,5901;3,9112;2,4879;0,2842;9,6956;0,1100;0,5238;0,2500;0,6578;0,5963;1,1539;2,3507;1,7748;4,9662;4,2917;3,0811;9,6956;0,4887;1,9509;1,9998;2,5775;0,4666;1,4912;6,4313;0,2020;5,8907;182/A/NBP/2000
20.09.2000;4,6020;3,8925;2,4812;0,2829;9,6493;0,1099;0,5213;0,2488;0,6547;0,5934;1,1480;2,3394;1,7663;4,9425;4,3228;3,1080;9,6493;0,4881;1,9416;1,9902;2,5817;0,4653;1,4840;6,4951;0,2010;5,8503;183/A/NBP/2000
21.09.2000;4,6084;3,9268;2,4856;0,2854;9,7343;0,1107;0,5260;0,2510;0,6604;0,5986;1,1581;2,3601;1,7819;4,9860;4,3357;3,1089;9,7343;0,4915;1,9587;2,0077;2,6048;0,4684;1,4957;6,5267;0,2028;5,9441;184/A/NBP/2000
22.09.2000;4,5857;3,9548;2,5267;0,2874;9,8037;0,1112;0,5300;0,2528;0,6651;0,6029;1,1660;2,3769;1,7946;5,0216;4,2785;3,0804;9,8037;0,4927;1,9726;2,0221;2,6045;0,4699;1,5041;6,6395;0,2042;5,9653;185/A/NBP/2000
25.09.2000;4,5453;3,9928;2,4775;0,2902;9,8979;0,1125;0,5354;0,2552;0,6715;0,6087;1,1768;2,3997;1,8119;5,0698;4,2234;3,0536;9,8979;0,4945;1,9916;2,0415;2,6228;0,4716;1,5182;6,6188;0,2062;5,8227;186/A/NBP/2000
26.09.2000;4,5733;4,0125;2,5051;0,2916;9,9467;0,1132;0,5377;0,2564;0,6749;0,6117;1,1819;2,4116;1,8208;5,0948;4,2573;3,0700;9,9467;0,4995;2,0014;2,0516;2,6415;0,4737;1,5248;6,6531;0,2072;5,9363;187/A/NBP/2000
27.09.2000;4,5528;4,0355;2,5018;0,2933;10,0037;0,1138;0,5406;0,2579;0,6787;0,6152;1,1894;2,4254;1,8312;5,1240;4,2274;3,0595;10,0037;0,5010;2,0129;2,0633;2,6434;0,4747;1,5322;6,6680;0,2084;5,9792;188/A/NBP/2000
28.09.2000;4,5454;4,0195;2,5006;0,2921;9,9641;0,1133;0,5387;0,2569;0,6760;0,6128;1,1844;2,4158;1,8240;5,1037;4,2250;3,0359;9,9641;0,5000;2,0049;2,0551;2,6365;0,4717;1,5232;6,6614;0,2076;5,8949;189/A/NBP/2000
29.09.2000;4,5404;3,9960;2,4629;0,2904;9,9058;0,1124;0,5361;0,2554;0,6721;0,6092;1,1775;2,4016;1,8133;5,0739;4,2132;3,0244;9,9058;0,4975;1,9932;2,0431;2,6201;0,4692;1,5152;6,6495;0,2064;5,8817;190/A/NBP/2000
2.10.2000;4,5119;3,9848;2,4489;0,2896;9,8781;0,1120;0,5343;0,2547;0,6702;0,6075;1,1739;2,3949;1,8082;5,0597;4,1710;3,0056;9,8781;0,4961;1,9876;2,0374;2,6134;0,4673;1,5097;6,6580;0,2058;5,9005;191/A/NBP/2000
3.10.2000;4,5769;4,0154;2,4868;0,2918;9,9539;0,1126;0,5387;0,2566;0,6753;0,6121;1,1835;2,4133;1,8221;5,0985;4,2084;3,0358;9,9539;0,4997;2,0029;2,0530;2,6361;0,4703;1,5253;6,6996;0,2074;5,9215;192/A/NBP/2000
4.10.2000;4,5477;3,9794;2,4344;0,2892;9,8647;0,1115;0,5340;0,2543;0,6693;0,6067;1,1725;2,3917;1,8058;5,0528;4,1818;3,0269;9,8647;0,4943;1,9849;2,0346;2,6257;0,4629;1,5118;6,6070;0,2055;5,8790;193/A/NBP/2000
5.10.2000;4,5458;3,9750;2,4437;0,2889;9,8538;0,1114;0,5336;0,2541;0,6685;0,6060;1,1712;2,3890;1,8038;5,0472;4,1617;3,0341;9,8538;0,4947;1,9827;2,0324;2,6173;0,4648;1,5109;6,6178;0,2053;5,8854;194/A/NBP/2000
6.10.2000;4,5645;3,9780;2,4272;0,2891;9,8612;0,1116;0,5339;0,2542;0,6691;0,6064;1,1723;2,3908;1,8051;5,0510;4,1898;3,0532;9,8612;0,4952;1,9842;2,0339;2,6130;0,4660;1,5133;6,6019;0,2054;5,8458;195/A/NBP/2000
9.10.2000;4,5418;3,9481;2,4254;0,2869;9,7871;0,1108;0,5298;0,2523;0,6640;0,6019;1,1631;2,3729;1,7916;5,0131;4,1693;3,0256;9,7871;0,4916;1,9693;2,0186;2,5965;0,4616;1,5035;6,5769;0,2039;5,8569;196/A/NBP/2000
10.10.2000;4,5621;3,9787;2,4263;0,2891;9,8629;0,1119;0,5339;0,2543;0,6692;0,6065;1,1722;2,3912;1,8055;5,0519;4,2145;3,0372;9,8629;0,4946;1,9846;2,0343;2,6144;0,4635;1,5166;6,6456;0,2055;5,9023;197/A/NBP/2000
11.10.2000;4,5893;4,0186;2,4567;0,2920;9,9618;0,1136;0,5394;0,2568;0,6759;0,6126;1,1839;2,4152;1,8236;5,1026;4,2563;3,0592;9,9618;0,4980;2,0045;2,0547;2,6518;0,4663;1,5295;6,6988;0,2075;5,9618;198/A/NBP/2000
12.10.2000;4,6623;4,0429;2,4768;0,2938;10,0221;0,1142;0,5428;0,2584;0,6800;0,6163;1,1905;2,4298;1,8346;5,1334;4,3328;3,0988;10,0221;0,5014;2,0166;2,0671;2,6761;0,4709;1,5372;6,8062;0,2088;6,0008;199/A/NBP/2000
13.10.2000;4,6913;4,0573;2,4931;0,2949;10,0578;0,1144;0,5448;0,2593;0,6824;0,6185;1,1950;2,4385;1,8411;5,1517;4,3524;3,0932;10,0578;0,5048;2,0238;2,0745;2,6909;0,4751;1,5422;6,9314;0,2095;6,0662;200/A/NBP/2000
16.10.2000;4,6768;3,9878;2,4602;0,2898;9,8855;0,1128;0,5355;0,2549;0,6707;0,6079;1,1750;2,3967;1,8096;5,0635;4,3261;3,0962;9,8855;0,4981;1,9891;2,0389;2,6368;0,4686;1,5149;6,7636;0,2060;5,9794;201/A/NBP/2000
17.10.2000;4,6898;3,9873;2,4466;0,2898;9,8843;0,1128;0,5355;0,2548;0,6706;0,6079;1,1749;2,3964;1,8094;5,0628;4,3357;3,0881;9,8843;0,4971;1,9889;2,0387;2,6388;0,4687;1,5163;6,7708;0,2059;6,0191;202/A/NBP/2000
18.10.2000;4,6762;3,9994;2,4407;0,2906;9,9143;0,1130;0,5372;0,2556;0,6727;0,6097;1,1786;2,4037;1,8148;5,0782;4,3291;3,0805;9,9143;0,4968;1,9949;2,0449;2,6475;0,4687;1,5192;6,7632;0,2066;6,0411;203/A/NBP/2000
19.10.2000;4,6969;3,9565;2,4364;0,2875;9,8079;0,1118;0,5316;0,2529;0,6654;0,6032;1,1655;2,3779;1,7954;5,0237;4,3550;3,1024;9,8079;0,4940;1,9735;2,0229;2,6304;0,4655;1,5049;6,7835;0,2043;5,9669;204/A/NBP/2000
20.10.2000;4,6601;3,9433;2,4670;0,2866;9,7752;0,1133;0,5298;0,2520;0,6632;0,6012;1,1615;2,3700;1,7894;5,0070;4,2974;3,0904;9,7752;0,4920;1,9669;2,0162;2,6176;0,4638;1,5015;6,7441;0,2037;6,0129;205/A/NBP/2000
23.10.2000;4,7116;3,9619;2,4982;0,2879;9,8213;0,1139;0,5323;0,2532;0,6663;0,6040;1,1675;2,3811;1,7978;5,0306;4,3243;3,1147;9,8213;0,4974;1,9762;2,0257;2,6367;0,4660;1,5085;6,8694;0,2046;6,0109;206/A/NBP/2000
24.10.2000;4,6975;3,9395;2,4799;0,2863;9,7658;0,1129;0,5292;0,2518;0,6626;0,6006;1,1605;2,3677;1,7877;5,0021;4,3391;3,1066;9,7658;0,4955;1,9650;2,0142;2,6217;0,4662;1,5000;6,8216;0,2035;6,0165;207/A/NBP/2000
25.10.2000;4,6847;3,9011;2,4571;0,2835;9,6706;0,1122;0,5241;0,2493;0,6561;0,5947;1,1490;2,3446;1,7702;4,9534;4,3283;3,0864;9,6706;0,4903;1,9459;1,9946;2,5972;0,4610;1,4854;6,7575;0,2015;5,9548;208/A/NBP/2000
26.10.2000;4,6764;3,8565;2,4122;0,2803;9,5600;0,1108;0,5181;0,2464;0,6486;0,5879;1,1358;2,3178;1,7500;4,8967;4,3213;3,0863;9,5600;0,4861;1,9236;1,9718;2,5585;0,4541;1,4672;6,6497;0,1992;5,9299;209/A/NBP/2000
27.10.2000;4,6842;3,9009;2,4420;0,2835;9,6701;0,1119;0,5240;0,2494;0,6561;0,5947;1,1488;2,3445;1,7702;4,9531;4,3276;3,0823;9,6701;0,4913;1,9458;1,9945;2,5797;0,4595;1,4821;6,7240;0,2015;5,9982;210/A/NBP/2000
30.10.2000;4,6718;3,9564;2,4507;0,2875;9,8077;0,1136;0,5315;0,2529;0,6654;0,6031;1,1649;2,3778;1,7953;5,0236;4,2958;3,0592;9,8077;0,4983;1,9734;2,0229;2,6018;0,4659;1,5027;6,8120;0,2043;6,0670;211/A/NBP/2000
31.10.2000;4,6845;3,9325;2,4041;0,2858;9,7484;0,1127;0,5283;0,2513;0,6614;0,5995;1,1580;2,3635;1,7845;4,9932;4,2983;3,0591;9,7484;0,4987;1,9615;2,0107;2,5876;0,4634;1,4944;6,7831;0,2031;5,9591;212/A/NBP/2000
2.11.2000;4,6128;3,9566;2,4341;0,2875;9,8082;0,1142;0,5315;0,2529;0,6655;0,6032;1,1645;2,3780;1,7954;5,0238;4,2576;3,0102;9,8082;0,4983;1,9735;2,0230;2,5930;0,4648;1,5030;6,6666;0,2043;5,9457;213/A/NBP/2000
3.11.2000;4,5365;3,9144;2,3581;0,2845;9,7035;0,1130;0,5253;0,2502;0,6584;0,5967;1,1518;2,3526;1,7763;4,9703;4,1554;2,9328;9,7035;0,4910;1,9525;2,0014;2,5550;0,4580;1,4839;6,4969;0,2022;5,8426;214/A/NBP/2000
6.11.2000;4,5101;3,9166;2,3825;0,2846;9,7090;0,1129;0,5257;0,2503;0,6587;0,5971;1,1519;2,3539;1,7773;4,9731;4,2125;2,9457;9,7090;0,4913;1,9536;2,0025;2,5678;0,4571;1,4846;6,5418;0,2023;5,8064;215/A/NBP/2000
7.11.2000;4,5312;3,9100;2,3882;0,2842;9,6926;0,1127;0,5245;0,2499;0,6576;0,5961;1,1498;2,3500;1,7743;4,9647;4,2211;2,9595;9,6926;0,4899;1,9503;1,9992;2,5676;0,4540;1,4818;6,4644;0,2019;5,8330;216/A/NBP/2000
8.11.2000;4,5519;3,9070;2,4098;0,2839;9,6852;0,1127;0,5241;0,2497;0,6571;0,5956;1,1491;2,3482;1,7729;4,9609;4,2373;2,9686;9,6852;0,4906;1,9488;1,9976;2,5712;0,4552;1,4798;6,4782;0,2018;5,8621;217/A/NBP/2000
9.11.2000;4,5924;3,9227;2,4058;0,2851;9,7241;0,1132;0,5261;0,2507;0,6598;0,5980;1,1532;2,3576;1,7800;4,9808;4,2782;2,9756;9,7241;0,4937;1,9566;2,0056;2,5815;0,4575;1,4853;6,4978;0,2026;5,8905;218/A/NBP/2000
10.11.2000;4,5622;3,9635;2,4068;0,2880;9,8253;0,1142;0,5315;0,2533;0,6666;0,6042;1,1654;2,3821;1,7986;5,0326;4,2368;2,9552;9,8253;0,4950;1,9770;2,0265;2,5994;0,4612;1,5012;6,5307;0,2047;5,9517;219/A/NBP/2000
13.11.2000;4,5902;3,9590;2,3841;0,2877;9,8141;0,1140;0,5309;0,2529;0,6659;0,6035;1,1639;2,3794;1,7965;5,0269;4,2616;2,9738;9,8141;0,4954;1,9747;2,0242;2,5987;0,4597;1,4981;6,5677;0,2045;5,8811;220/A/NBP/2000
14.11.2000;4,5666;3,9305;2,3756;0,2856;9,7435;0,1133;0,5269;0,2511;0,6611;0,5992;1,1554;2,3623;1,7836;4,9907;4,2313;2,9563;9,7435;0,4915;1,9605;2,0096;2,5859;0,4546;1,4885;6,5623;0,2030;5,8713;221/A/NBP/2000
15.11.2000;4,5434;3,9109;2,3639;0,2842;9,6949;0,1128;0,5242;0,2501;0,6578;0,5962;1,1497;2,3505;1,7747;4,9658;4,1949;2,9407;9,6949;0,4866;1,9507;1,9996;2,5692;0,4524;1,4838;6,5052;0,2020;5,8635;222/A/NBP/2000
16.11.2000;4,5768;3,9271;2,3845;0,2854;9,7350;0,1132;0,5264;0,2511;0,6605;0,5987;1,1546;2,3602;1,7820;4,9864;4,2053;2,9508;9,7350;0,4897;1,9588;2,0079;2,5702;0,4546;1,4902;6,5283;0,2028;5,8716;223/A/NBP/2000
17.11.2000;4,5708;3,9110;2,3769;0,2842;9,6951;0,1127;0,5243;0,2499;0,6578;0,5962;1,1496;2,3506;1,7747;4,9659;4,2015;2,9408;9,6951;0,4879;1,9508;1,9997;2,5625;0,4510;1,4819;6,5097;0,2020;5,8573;224/A/NBP/2000
20.11.2000;4,5754;3,8850;2,3550;0,2823;9,6307;0,1120;0,5209;0,2485;0,6534;0,5923;1,1420;2,3349;1,7629;4,9329;4,1896;2,9350;9,6307;0,4862;1,9378;1,9864;2,5423;0,4488;1,4723;6,5108;0,2006;5,8332;225/A/NBP/2000
21.11.2000;4,5688;3,8861;2,3484;0,2824;9,6334;0,1120;0,5210;0,2483;0,6536;0,5924;1,1420;2,3356;1,7634;4,9343;4,1467;2,9351;9,6334;0,4837;1,9384;1,9869;2,5493;0,4477;1,4701;6,5170;0,2007;5,8604;226/A/NBP/2000
22.11.2000;4,5744;3,8649;2,3692;0,2809;9,5808;0,1117;0,5179;0,2470;0,6500;0,5892;1,1361;2,3229;1,7538;4,9074;4,1726;2,9523;9,5808;0,4818;1,9278;1,9761;2,5435;0,4447;1,4631;6,4880;0,1996;5,8257;227/A/NBP/2000
23.11.2000;4,5857;3,8715;2,3930;0,2814;9,5972;0,1127;0,5189;0,2475;0,6511;0,5902;1,1380;2,3268;1,7568;4,9158;4,1638;2,9695;9,5972;0,4837;1,9311;1,9795;2,5444;0,4467;1,4663;6,4369;0,1999;5,8573;228/A/NBP/2000
24.11.2000;4,5770;3,8471;2,3908;0,2796;9,5367;0,1124;0,5157;0,2457;0,6470;0,5865;1,1306;2,3122;1,7457;4,8848;4,1170;2,9581;9,5367;0,4804;1,9189;1,9670;2,5289;0,4428;1,4539;6,4049;0,1987;5,8204;229/A/NBP/2000
27.11.2000;4,5468;3,8229;2,3674;0,2778;9,4767;0,1115;0,5126;0,2444;0,6430;0,5828;1,1232;2,2976;1,7348;4,8541;4,0867;2,9526;9,4767;0,4772;1,9069;1,9546;2,5201;0,4410;1,4447;6,3875;0,1974;5,7838;230/A/NBP/2000
28.11.2000;4,4837;3,8245;2,3585;0,2779;9,4807;0,1111;0,5128;0,2444;0,6432;0,5830;1,1236;2,2986;1,7355;4,8561;4,0542;2,9289;9,4807;0,4770;1,9077;1,9554;2,5259;0,4403;1,4445;6,3514;0,1975;5,7755;231/A/NBP/2000
29.11.2000;4,5097;3,8860;2,3698;0,2824;9,6331;0,1123;0,5210;0,2483;0,6536;0,5924;1,1413;2,3355;1,7634;4,9342;4,0983;2,9300;9,6331;0,4841;1,9383;1,9869;2,5727;0,4468;1,4665;6,4200;0,2007;5,7932;232/A/NBP/2000
30.11.2000;4,4735;3,8824;2,3444;0,2821;9,6242;0,1123;0,5206;0,2481;0,6530;0,5919;1,1401;2,3334;1,7618;4,9296;4,0410;2,9016;9,6242;0,4821;1,9365;1,9850;2,5745;0,4459;1,4660;6,3573;0,2005;5,7554;233/A/NBP/2000
1.12.2000;4,4562;3,9126;2,3987;0,2843;9,6991;0,1128;0,5248;0,2501;0,6581;0,5965;1,1488;2,3515;1,7755;4,9680;4,0086;2,9153;9,6991;0,4838;1,9516;2,0005;2,5863;0,4496;1,4761;6,4067;0,2021;5,7759;234/A/NBP/2000
4.12.2000;4,4640;3,9414;2,4235;0,2864;9,7705;0,1130;0,5287;0,2518;0,6629;0,6009;1,1571;2,3688;1,7885;5,0045;4,0202;2,8832;9,7705;0,4868;1,9660;2,0152;2,6022;0,4563;1,4868;6,4323;0,2036;5,7944;235/A/NBP/2000
5.12.2000;4,4251;3,9133;2,3968;0,2844;9,7008;0,1122;0,5250;0,2500;0,6582;0,5966;1,1491;2,3519;1,7758;4,9689;3,9989;2,8697;9,7008;0,4820;1,9519;2,0008;2,5917;0,4542;1,4762;6,4089;0,2021;5,6742;236/A/NBP/2000
6.12.2000;4,4093;3,8974;2,4030;0,2832;9,6614;0,1119;0,5228;0,2491;0,6555;0,5942;1,1443;2,3424;1,7686;4,9487;3,9767;2,8622;9,6614;0,4826;1,9440;1,9927;2,5755;0,4550;1,4698;6,3388;0,2013;5,7063;237/A/NBP/2000
7.12.2000;4,3813;3,9190;2,4033;0,2848;9,7149;0,1121;0,5256;0,2506;0,6591;0,5974;1,1505;2,3554;1,7784;4,9761;3,9688;2,8673;9,7149;0,4838;1,9548;2,0038;2,5831;0,4554;1,4783;6,3169;0,2024;5,7235;238/A/NBP/2000
8.12.2000;4,3965;3,8957;2,4031;0,2831;9,6572;0,1117;0,5227;0,2490;0,6552;0,5939;1,1433;2,3414;1,7678;4,9465;3,9556;2,8697;9,6572;0,4795;1,9432;1,9918;2,5769;0,4509;1,4686;6,3510;0,2012;5,6393;239/A/NBP/2000
11.12.2000;4,4105;3,9050;2,3978;0,2838;9,6802;0,1120;0,5238;0,2496;0,6568;0,5953;1,1460;2,3470;1,7720;4,9583;3,9861;2,9071;9,6802;0,4825;1,9478;1,9966;2,5853;0,4562;1,4719;6,4027;0,2017;5,6743;240/A/NBP/2000
12.12.2000;4,3860;3,8700;2,3805;0,2812;9,5935;0,1113;0,5192;0,2474;0,6509;0,5900;1,1359;2,3259;1,7561;4,9139;3,9488;2,8808;9,5935;0,4792;1,9303;1,9787;2,5737;0,4545;1,4582;6,3888;0,1999;5,6235;241/A/NBP/2000
13.12.2000;4,3945;3,8524;2,3769;0,2800;9,5499;0,1109;0,5167;0,2464;0,6479;0,5873;1,1306;2,3153;1,7481;4,8915;3,9008;2,8779;9,5499;0,4756;1,9216;1,9697;2,5620;0,4509;1,4544;6,3529;0,1990;5,6500;242/A/NBP/2000
14.12.2000;4,3650;3,8549;2,3641;0,2801;9,5560;0,1108;0,5172;0,2464;0,6483;0,5877;1,1314;2,3168;1,7493;4,8947;3,8778;2,8725;9,5560;0,4749;1,9228;1,9710;2,5618;0,4499;1,4561;6,3982;0,1991;5,6581;243/A/NBP/2000
15.12.2000;4,3395;3,8899;2,3642;0,2827;9,6428;0,1117;0,5218;0,2486;0,6542;0,5930;1,1416;2,3379;1,7652;4,9392;3,8514;2,8548;9,6428;0,4777;1,9403;1,9889;2,5823;0,4533;1,4694;6,3910;0,2009;5,6742;244/A/NBP/2000
18.12.2000;4,3217;3,8814;2,3524;0,2821;9,6217;0,1119;0,5204;0,2481;0,6528;0,5917;1,1391;2,3328;1,7613;4,9284;3,8367;2,8420;9,6217;0,4791;1,9360;1,9845;2,5762;0,4492;1,4673;6,3797;0,2005;5,5937;245/A/NBP/2000
19.12.2000;4,3035;3,8426;2,3322;0,2793;9,5256;0,1108;0,5152;0,2457;0,6463;0,5858;1,1277;2,3094;1,7437;4,8791;3,8480;2,8246;9,5256;0,4757;1,9167;1,9647;2,5511;0,4424;1,4519;6,3211;0,1985;5,5441;246/A/NBP/2000
20.12.2000;4,2759;3,8379;2,3353;0,2789;9,5139;0,1107;0,5145;0,2453;0,6455;0,5851;1,1264;2,3066;1,7416;4,8731;3,7881;2,8075;9,5139;0,4723;1,9143;1,9623;2,5339;0,4414;1,4517;6,2736;0,1982;5,5664;247/A/NBP/2000
21.12.2000;4,2351;3,8739;2,3447;0,2815;9,6031;0,1115;0,5192;0,2474;0,6515;0,5906;1,1369;2,3283;1,7579;4,9188;3,7666;2,7831;9,6031;0,4734;1,9323;1,9807;2,5392;0,4442;1,4646;6,2347;0,2001;5,5395;248/A/NBP/2000
22.12.2000;4,2042;3,8652;2,3372;0,2809;9,5816;0,1108;0,5178;0,2471;0,6501;0,5892;1,1343;2,3230;1,7540;4,9078;3,7408;2,7629;9,5816;0,4718;1,9280;1,9762;2,5340;0,4422;1,4594;6,2191;0,1996;5,4972;249/A/NBP/2000
27.12.2000;4,1487;3,8725;2,3151;0,2814;9,5997;0,1107;0,5188;0,2474;0,6513;0,5904;1,1364;2,3274;1,7573;4,9171;3,6387;2,7427;9,5997;0,4710;1,9316;1,9800;2,5386;0,4365;1,4622;6,1556;0,2000;5,4680;250/A/NBP/2000
28.12.2000;4,1414;3,8476;2,3038;0,2796;9,5380;0,1097;0,5155;0,2459;0,6471;0,5866;1,1288;2,3125;1,7460;4,8854;3,6184;2,7391;9,5380;0,4658;1,9192;1,9672;2,5203;0,4350;1,4483;6,1739;0,1987;5,3920;251/A/NBP/2000
29.12.2000;4,1432;3,8544;2,2992;0,2801;9,5548;0,1099;0,5165;0,2464;0,6483;0,5876;1,1311;2,3165;1,7491;4,8941;3,6041;2,7589;9,5548;0,4665;1,9226;1,9707;2,5309;0,4355;1,4545;6,1903;0,1991;5,4063;252/A/NBP/2000
